Date,Cash Rate Target,Interbank Overnight Cash Rate
04-Jan-2011,4.75,4.75
05-Jan-2011,4.75,4.75
06-Jan-2011,4.75,4.75
07-Jan-2011,4.75,4.75
10-Jan-2011,4.75,4.75
11-Jan-2011,4.75,4.75
12-Jan-2011,4.75,4.75
13-Jan-2011,4.75,4.75
14-Jan-2011,4.75,4.75
17-Jan-2011,4.75,4.75
18-Jan-2011,4.75,4.75
19-Jan-2011,4.75,4.75
20-Jan-2011,4.75,4.75
21-Jan-2011,4.75,4.75
24-Jan-2011,4.75,4.75
25-Jan-2011,4.75,4.75
27-Jan-2011,4.75,4.75
28-Jan-2011,4.75,4.75
31-Jan-2011,4.75,4.75
01-Feb-2011,4.75,4.75
02-Feb-2011,4.75,4.75
03-Feb-2011,4.75,4.75
04-Feb-2011,4.75,4.75
07-Feb-2011,4.75,4.75
08-Feb-2011,4.75,4.75
09-Feb-2011,4.75,4.75
10-Feb-2011,4.75,4.75
11-Feb-2011,4.75,4.75
14-Feb-2011,4.75,4.75
15-Feb-2011,4.75,4.75
16-Feb-2011,4.75,4.75
17-Feb-2011,4.75,4.75
18-Feb-2011,4.75,4.75
21-Feb-2011,4.75,4.75
22-Feb-2011,4.75,4.75
23-Feb-2011,4.75,4.75
24-Feb-2011,4.75,4.75
25-Feb-2011,4.75,4.75
28-Feb-2011,4.75,4.75
01-Mar-2011,4.75,4.75
02-Mar-2011,4.75,4.75
03-Mar-2011,4.75,4.75
04-Mar-2011,4.75,4.75
07-Mar-2011,4.75,4.75
08-Mar-2011,4.75,4.75
09-Mar-2011,4.75,4.75
10-Mar-2011,4.75,4.75
11-Mar-2011,4.75,4.75
14-Mar-2011,4.75,4.75
15-Mar-2011,4.75,4.75
16-Mar-2011,4.75,4.75
17-Mar-2011,4.75,4.75
18-Mar-2011,4.75,4.75
21-Mar-2011,4.75,4.75
22-Mar-2011,4.75,4.75
23-Mar-2011,4.75,4.75
24-Mar-2011,4.75,4.75
25-Mar-2011,4.75,4.75
28-Mar-2011,4.75,4.75
29-Mar-2011,4.75,4.75
30-Mar-2011,4.75,4.75
31-Mar-2011,4.75,4.75
01-Apr-2011,4.75,4.75
04-Apr-2011,4.75,4.75
05-Apr-2011,4.75,4.75
06-Apr-2011,4.75,4.75
07-Apr-2011,4.75,4.75
08-Apr-2011,4.75,4.75
11-Apr-2011,4.75,4.75
12-Apr-2011,4.75,4.75
13-Apr-2011,4.75,4.75
14-Apr-2011,4.75,4.75
15-Apr-2011,4.75,4.75
18-Apr-2011,4.75,4.75
19-Apr-2011,4.75,4.75
20-Apr-2011,4.75,4.75
21-Apr-2011,4.75,4.75
27-Apr-2011,4.75,4.75
28-Apr-2011,4.75,4.75
29-Apr-2011,4.75,4.75
02-May-2011,4.75,4.75
03-May-2011,4.75,4.75
04-May-2011,4.75,4.75
05-May-2011,4.75,4.75
06-May-2011,4.75,4.75
09-May-2011,4.75,4.75
10-May-2011,4.75,4.75
11-May-2011,4.75,4.75
12-May-2011,4.75,4.75
13-May-2011,4.75,4.75
16-May-2011,4.75,4.75
17-May-2011,4.75,4.75
18-May-2011,4.75,4.75
19-May-2011,4.75,4.75
20-May-2011,4.75,4.75
23-May-2011,4.75,4.75
24-May-2011,4.75,4.75
25-May-2011,4.75,4.75
26-May-2011,4.75,4.75
27-May-2011,4.75,4.75
30-May-2011,4.75,4.75
31-May-2011,4.75,4.75
01-Jun-2011,4.75,4.75
02-Jun-2011,4.75,4.75
03-Jun-2011,4.75,4.75
06-Jun-2011,4.75,4.75
07-Jun-2011,4.75,4.75
08-Jun-2011,4.75,4.75
09-Jun-2011,4.75,4.75
10-Jun-2011,4.75,4.75
14-Jun-2011,4.75,4.75
15-Jun-2011,4.75,4.75
16-Jun-2011,4.75,4.75
17-Jun-2011,4.75,4.75
20-Jun-2011,4.75,4.75
21-Jun-2011,4.75,4.75
22-Jun-2011,4.75,4.75
23-Jun-2011,4.75,4.75
24-Jun-2011,4.75,4.75
27-Jun-2011,4.75,4.75
28-Jun-2011,4.75,4.75
29-Jun-2011,4.75,4.75
30-Jun-2011,4.75,4.75
01-Jul-2011,4.75,4.75
04-Jul-2011,4.75,4.75
05-Jul-2011,4.75,4.75
06-Jul-2011,4.75,4.75
07-Jul-2011,4.75,4.75
08-Jul-2011,4.75,4.75
11-Jul-2011,4.75,4.75
12-Jul-2011,4.75,4.75
13-Jul-2011,4.75,4.75
14-Jul-2011,4.75,4.75
15-Jul-2011,4.75,4.75
18-Jul-2011,4.75,4.75
19-Jul-2011,4.75,4.75
20-Jul-2011,4.75,4.75
21-Jul-2011,4.75,4.75
22-Jul-2011,4.75,4.75
25-Jul-2011,4.75,4.75
26-Jul-2011,4.75,4.75
27-Jul-2011,4.75,4.75
28-Jul-2011,4.75,4.75
29-Jul-2011,4.75,4.75
01-Aug-2011,4.75,4.75
02-Aug-2011,4.75,4.75
03-Aug-2011,4.75,4.75
04-Aug-2011,4.75,4.75
05-Aug-2011,4.75,4.75
08-Aug-2011,4.75,4.75
09-Aug-2011,4.75,4.75
10-Aug-2011,4.75,4.75
11-Aug-2011,4.75,4.75
12-Aug-2011,4.75,4.75
15-Aug-2011,4.75,4.75
16-Aug-2011,4.75,4.75
17-Aug-2011,4.75,4.75
18-Aug-2011,4.75,4.75
19-Aug-2011,4.75,4.75
22-Aug-2011,4.75,4.75
23-Aug-2011,4.75,4.75
24-Aug-2011,4.75,4.75
25-Aug-2011,4.75,4.75
26-Aug-2011,4.75,4.75
29-Aug-2011,4.75,4.75
30-Aug-2011,4.75,4.75
31-Aug-2011,4.75,4.75
01-Sep-2011,4.75,4.75
02-Sep-2011,4.75,4.75
05-Sep-2011,4.75,4.75
06-Sep-2011,4.75,4.75
07-Sep-2011,4.75,4.75
08-Sep-2011,4.75,4.75
09-Sep-2011,4.75,4.75
12-Sep-2011,4.75,4.75
13-Sep-2011,4.75,4.75
14-Sep-2011,4.75,4.75
15-Sep-2011,4.75,4.75
16-Sep-2011,4.75,4.75
19-Sep-2011,4.75,4.75
20-Sep-2011,4.75,4.75
21-Sep-2011,4.75,4.75
22-Sep-2011,4.75,4.75
23-Sep-2011,4.75,4.75
26-Sep-2011,4.75,4.75
27-Sep-2011,4.75,4.75
28-Sep-2011,4.75,4.75
29-Sep-2011,4.75,4.75
30-Sep-2011,4.75,4.75
03-Oct-2011,4.75,4.75
04-Oct-2011,4.75,4.75
05-Oct-2011,4.75,4.75
06-Oct-2011,4.75,4.75
07-Oct-2011,4.75,4.75
10-Oct-2011,4.75,4.75
11-Oct-2011,4.75,4.75
12-Oct-2011,4.75,4.75
13-Oct-2011,4.75,4.75
14-Oct-2011,4.75,4.75
17-Oct-2011,4.75,4.75
18-Oct-2011,4.75,4.75
19-Oct-2011,4.75,4.75
20-Oct-2011,4.75,4.75
21-Oct-2011,4.75,4.75
24-Oct-2011,4.75,4.75
25-Oct-2011,4.75,4.75
26-Oct-2011,4.75,4.75
27-Oct-2011,4.75,4.75
28-Oct-2011,4.75,4.75
31-Oct-2011,4.75,4.75
01-Nov-2011,4.75,4.75
02-Nov-2011,4.50,4.50
03-Nov-2011,4.50,4.50
04-Nov-2011,4.50,4.50
07-Nov-2011,4.50,4.50
08-Nov-2011,4.50,4.50
09-Nov-2011,4.50,4.50
10-Nov-2011,4.50,4.50
11-Nov-2011,4.50,4.50
14-Nov-2011,4.50,4.50
15-Nov-2011,4.50,4.50
16-Nov-2011,4.50,4.50
17-Nov-2011,4.50,4.50
18-Nov-2011,4.50,4.50
21-Nov-2011,4.50,4.50
22-Nov-2011,4.50,4.50
23-Nov-2011,4.50,4.50
24-Nov-2011,4.50,4.50
25-Nov-2011,4.50,4.50
28-Nov-2011,4.50,4.50
29-Nov-2011,4.50,4.50
30-Nov-2011,4.50,4.50
01-Dec-2011,4.50,4.50
02-Dec-2011,4.50,4.50
05-Dec-2011,4.50,4.50
06-Dec-2011,4.50,4.50
07-Dec-2011,4.25,4.25
08-Dec-2011,4.25,4.25
09-Dec-2011,4.25,4.25
12-Dec-2011,4.25,4.25
13-Dec-2011,4.25,4.25
14-Dec-2011,4.25,4.25
15-Dec-2011,4.25,4.25
16-Dec-2011,4.25,4.25
19-Dec-2011,4.25,4.25
20-Dec-2011,4.25,4.25
21-Dec-2011,4.25,4.25
22-Dec-2011,4.25,4.25
23-Dec-2011,4.25,4.25
28-Dec-2011,4.25,4.25
29-Dec-2011,4.25,4.25
30-Dec-2011,4.25,4.25
03-Jan-2012,4.25,4.25
04-Jan-2012,4.25,4.25
05-Jan-2012,4.25,4.25
06-Jan-2012,4.25,4.25
09-Jan-2012,4.25,4.25
10-Jan-2012,4.25,4.25
11-Jan-2012,4.25,4.25
12-Jan-2012,4.25,4.25
13-Jan-2012,4.25,4.25
16-Jan-2012,4.25,4.25
17-Jan-2012,4.25,4.25
18-Jan-2012,4.25,4.25
19-Jan-2012,4.25,4.25
20-Jan-2012,4.25,4.25
23-Jan-2012,4.25,4.25
24-Jan-2012,4.25,4.25
25-Jan-2012,4.25,4.25
27-Jan-2012,4.25,4.25
30-Jan-2012,4.25,4.25
31-Jan-2012,4.25,4.25
01-Feb-2012,4.25,4.25
02-Feb-2012,4.25,4.25
03-Feb-2012,4.25,4.25
06-Feb-2012,4.25,4.25
07-Feb-2012,4.25,4.25
08-Feb-2012,4.25,4.25
09-Feb-2012,4.25,4.25
10-Feb-2012,4.25,4.25
13-Feb-2012,4.25,4.25
14-Feb-2012,4.25,4.25
15-Feb-2012,4.25,4.25
16-Feb-2012,4.25,4.25
17-Feb-2012,4.25,4.25
20-Feb-2012,4.25,4.25
21-Feb-2012,4.25,4.25
22-Feb-2012,4.25,4.25
23-Feb-2012,4.25,4.25
24-Feb-2012,4.25,4.25
27-Feb-2012,4.25,4.25
28-Feb-2012,4.25,4.25
29-Feb-2012,4.25,4.25
01-Mar-2012,4.25,4.25
02-Mar-2012,4.25,4.25
05-Mar-2012,4.25,4.25
06-Mar-2012,4.25,4.25
07-Mar-2012,4.25,4.25
08-Mar-2012,4.25,4.25
09-Mar-2012,4.25,4.25
12-Mar-2012,4.25,4.25
13-Mar-2012,4.25,4.25
14-Mar-2012,4.25,4.25
15-Mar-2012,4.25,4.25
16-Mar-2012,4.25,4.25
19-Mar-2012,4.25,4.25
20-Mar-2012,4.25,4.25
21-Mar-2012,4.25,4.25
22-Mar-2012,4.25,4.25
23-Mar-2012,4.25,4.25
26-Mar-2012,4.25,4.25
27-Mar-2012,4.25,4.25
28-Mar-2012,4.25,4.25
29-Mar-2012,4.25,4.25
30-Mar-2012,4.25,4.25
02-Apr-2012,4.25,4.25
03-Apr-2012,4.25,4.25
04-Apr-2012,4.25,4.25
05-Apr-2012,4.25,4.25
10-Apr-2012,4.25,4.25
11-Apr-2012,4.25,4.25
12-Apr-2012,4.25,4.25
13-Apr-2012,4.25,4.25
16-Apr-2012,4.25,4.25
17-Apr-2012,4.25,4.25
18-Apr-2012,4.25,4.25
19-Apr-2012,4.25,4.25
20-Apr-2012,4.25,4.25
23-Apr-2012,4.25,4.25
24-Apr-2012,4.25,4.25
26-Apr-2012,4.25,4.25
27-Apr-2012,4.25,4.25
30-Apr-2012,4.25,4.25
01-May-2012,4.25,4.25
02-May-2012,3.75,3.75
03-May-2012,3.75,3.75
04-May-2012,3.75,3.75
07-May-2012,3.75,3.75
08-May-2012,3.75,3.75
09-May-2012,3.75,3.75
10-May-2012,3.75,3.75
11-May-2012,3.75,3.75
14-May-2012,3.75,3.75
15-May-2012,3.75,3.75
16-May-2012,3.75,3.75
17-May-2012,3.75,3.75
18-May-2012,3.75,3.75
21-May-2012,3.75,3.75
22-May-2012,3.75,3.75
23-May-2012,3.75,3.75
24-May-2012,3.75,3.75
25-May-2012,3.75,3.75
28-May-2012,3.75,3.75
29-May-2012,3.75,3.75
30-May-2012,3.75,3.75
31-May-2012,3.75,3.75
01-Jun-2012,3.75,3.75
04-Jun-2012,3.75,3.75
05-Jun-2012,3.75,3.75
06-Jun-2012,3.50,3.50
07-Jun-2012,3.50,3.50
08-Jun-2012,3.50,3.50
12-Jun-2012,3.50,3.50
13-Jun-2012,3.50,3.50
14-Jun-2012,3.50,3.50
15-Jun-2012,3.50,3.50
18-Jun-2012,3.50,3.50
19-Jun-2012,3.50,3.50
20-Jun-2012,3.50,3.50
21-Jun-2012,3.50,3.50
22-Jun-2012,3.50,3.50
25-Jun-2012,3.50,3.50
26-Jun-2012,3.50,3.50
27-Jun-2012,3.50,3.50
28-Jun-2012,3.50,3.50
29-Jun-2012,3.50,3.50
02-Jul-2012,3.50,3.50
03-Jul-2012,3.50,3.50
04-Jul-2012,3.50,3.50
05-Jul-2012,3.50,3.50
06-Jul-2012,3.50,3.50
09-Jul-2012,3.50,3.50
10-Jul-2012,3.50,3.50
11-Jul-2012,3.50,3.50
12-Jul-2012,3.50,3.50
13-Jul-2012,3.50,3.50
16-Jul-2012,3.50,3.50
17-Jul-2012,3.50,3.50
18-Jul-2012,3.50,3.50
19-Jul-2012,3.50,3.50
20-Jul-2012,3.50,3.50
23-Jul-2012,3.50,3.50
24-Jul-2012,3.50,3.50
25-Jul-2012,3.50,3.50
26-Jul-2012,3.50,3.50
27-Jul-2012,3.50,3.50
30-Jul-2012,3.50,3.50
31-Jul-2012,3.50,3.50
01-Aug-2012,3.50,3.50
02-Aug-2012,3.50,3.50
03-Aug-2012,3.50,3.50
06-Aug-2012,3.50,3.50
07-Aug-2012,3.50,3.50
08-Aug-2012,3.50,3.50
09-Aug-2012,3.50,3.50
10-Aug-2012,3.50,3.50
13-Aug-2012,3.50,3.50
14-Aug-2012,3.50,3.50
15-Aug-2012,3.50,3.50
16-Aug-2012,3.50,3.50
17-Aug-2012,3.50,3.50
20-Aug-2012,3.50,3.50
21-Aug-2012,3.50,3.50
22-Aug-2012,3.50,3.50
23-Aug-2012,3.50,3.50
24-Aug-2012,3.50,3.50
27-Aug-2012,3.50,3.50
28-Aug-2012,3.50,3.50
29-Aug-2012,3.50,3.50
30-Aug-2012,3.50,3.50
31-Aug-2012,3.50,3.50
03-Sep-2012,3.50,3.50
04-Sep-2012,3.50,3.50
05-Sep-2012,3.50,3.50
06-Sep-2012,3.50,3.50
07-Sep-2012,3.50,3.50
10-Sep-2012,3.50,3.50
11-Sep-2012,3.50,3.50
12-Sep-2012,3.50,3.50
13-Sep-2012,3.50,3.50
14-Sep-2012,3.50,3.50
17-Sep-2012,3.50,3.50
18-Sep-2012,3.50,3.50
19-Sep-2012,3.50,3.50
20-Sep-2012,3.50,3.50
21-Sep-2012,3.50,3.50
24-Sep-2012,3.50,3.50
25-Sep-2012,3.50,3.50
26-Sep-2012,3.50,3.50
27-Sep-2012,3.50,3.50
28-Sep-2012,3.50,3.50
01-Oct-2012,3.50,3.50
02-Oct-2012,3.50,3.50
03-Oct-2012,3.25,3.25
04-Oct-2012,3.25,3.25
05-Oct-2012,3.25,3.25
08-Oct-2012,3.25,3.25
09-Oct-2012,3.25,3.25
10-Oct-2012,3.25,3.25
11-Oct-2012,3.25,3.25
12-Oct-2012,3.25,3.25
15-Oct-2012,3.25,3.25
16-Oct-2012,3.25,3.25
17-Oct-2012,3.25,3.25
18-Oct-2012,3.25,3.25
19-Oct-2012,3.25,3.25
22-Oct-2012,3.25,3.25
23-Oct-2012,3.25,3.25
24-Oct-2012,3.25,3.25
25-Oct-2012,3.25,3.25
26-Oct-2012,3.25,3.25
29-Oct-2012,3.25,3.25
30-Oct-2012,3.25,3.25
31-Oct-2012,3.25,3.25
01-Nov-2012,3.25,3.25
02-Nov-2012,3.25,3.25
05-Nov-2012,3.25,3.25
06-Nov-2012,3.25,3.25
07-Nov-2012,3.25,3.25
08-Nov-2012,3.25,3.25
09-Nov-2012,3.25,3.25
12-Nov-2012,3.25,3.25
13-Nov-2012,3.25,3.25
14-Nov-2012,3.25,3.25
15-Nov-2012,3.25,3.25
16-Nov-2012,3.25,3.25
19-Nov-2012,3.25,3.25
20-Nov-2012,3.25,3.25
21-Nov-2012,3.25,3.25
22-Nov-2012,3.25,3.25
23-Nov-2012,3.25,3.25
26-Nov-2012,3.25,3.25
27-Nov-2012,3.25,3.25
28-Nov-2012,3.25,3.25
29-Nov-2012,3.25,3.25
30-Nov-2012,3.25,3.25
03-Dec-2012,3.25,3.25
04-Dec-2012,3.25,3.25
05-Dec-2012,3.00,3.00
06-Dec-2012,3.00,3.00
07-Dec-2012,3.00,3.00
10-Dec-2012,3.00,3.00
11-Dec-2012,3.00,3.00
12-Dec-2012,3.00,3.00
13-Dec-2012,3.00,3.00
14-Dec-2012,3.00,3.00
17-Dec-2012,3.00,3.00
18-Dec-2012,3.00,3.00
19-Dec-2012,3.00,3.00
20-Dec-2012,3.00,3.00
21-Dec-2012,3.00,3.00
24-Dec-2012,3.00,3.00
27-Dec-2012,3.00,3.00
28-Dec-2012,3.00,3.00
31-Dec-2012,3.00,3.00
02-Jan-2013,3.00,3.00
03-Jan-2013,3.00,3.00
04-Jan-2013,3.00,3.00
07-Jan-2013,3.00,3.00
08-Jan-2013,3.00,3.00
09-Jan-2013,3.00,3.00
10-Jan-2013,3.00,3.00
11-Jan-2013,3.00,3.00
14-Jan-2013,3.00,3.00
15-Jan-2013,3.00,3.00
16-Jan-2013,3.00,3.00
17-Jan-2013,3.00,3.00
18-Jan-2013,3.00,3.00
21-Jan-2013,3.00,3.00
22-Jan-2013,3.00,3.00
23-Jan-2013,3.00,3.00
24-Jan-2013,3.00,3.00
25-Jan-2013,3.00,3.00
29-Jan-2013,3.00,3.00
30-Jan-2013,3.00,3.00
31-Jan-2013,3.00,3.00
01-Feb-2013,3.00,3.00
04-Feb-2013,3.00,3.00
05-Feb-2013,3.00,3.00
06-Feb-2013,3.00,3.00
07-Feb-2013,3.00,3.00
08-Feb-2013,3.00,3.00
11-Feb-2013,3.00,3.00
12-Feb-2013,3.00,3.00
13-Feb-2013,3.00,3.00
14-Feb-2013,3.00,3.00
15-Feb-2013,3.00,3.00
18-Feb-2013,3.00,3.00
19-Feb-2013,3.00,3.00
20-Feb-2013,3.00,3.00
21-Feb-2013,3.00,3.00
22-Feb-2013,3.00,3.00
25-Feb-2013,3.00,3.00
26-Feb-2013,3.00,3.00
27-Feb-2013,3.00,3.00
28-Feb-2013,3.00,3.00
01-Mar-2013,3.00,3.00
04-Mar-2013,3.00,3.00
05-Mar-2013,3.00,3.00
06-Mar-2013,3.00,3.00
07-Mar-2013,3.00,3.00
08-Mar-2013,3.00,3.00
11-Mar-2013,3.00,3.00
12-Mar-2013,3.00,3.00
13-Mar-2013,3.00,3.00
14-Mar-2013,3.00,3.00
15-Mar-2013,3.00,3.00
18-Mar-2013,3.00,3.00
19-Mar-2013,3.00,3.00
20-Mar-2013,3.00,3.00
21-Mar-2013,3.00,3.00
22-Mar-2013,3.00,3.00
25-Mar-2013,3.00,3.00
26-Mar-2013,3.00,3.00
27-Mar-2013,3.00,3.00
28-Mar-2013,3.00,3.00
02-Apr-2013,3.00,3.00
03-Apr-2013,3.00,3.00
04-Apr-2013,3.00,3.00
05-Apr-2013,3.00,3.00
08-Apr-2013,3.00,3.00
09-Apr-2013,3.00,3.00
10-Apr-2013,3.00,3.00
11-Apr-2013,3.00,3.00
12-Apr-2013,3.00,3.00
15-Apr-2013,3.00,3.00
16-Apr-2013,3.00,3.00
17-Apr-2013,3.00,3.00
18-Apr-2013,3.00,3.00
19-Apr-2013,3.00,3.00
22-Apr-2013,3.00,3.00
23-Apr-2013,3.00,3.00
24-Apr-2013,3.00,3.00
26-Apr-2013,3.00,3.00
29-Apr-2013,3.00,3.00
30-Apr-2013,3.00,3.00
01-May-2013,3.00,3.00
02-May-2013,3.00,3.00
03-May-2013,3.00,3.00
06-May-2013,3.00,3.00
07-May-2013,3.00,3.00
08-May-2013,2.75,2.75
09-May-2013,2.75,2.75
10-May-2013,2.75,2.75
13-May-2013,2.75,2.75
14-May-2013,2.75,2.75
15-May-2013,2.75,2.75
16-May-2013,2.75,2.75
17-May-2013,2.75,2.75
20-May-2013,2.75,2.75
21-May-2013,2.75,2.75
22-May-2013,2.75,2.75
23-May-2013,2.75,2.75
24-May-2013,2.75,2.75
27-May-2013,2.75,2.75
28-May-2013,2.75,2.75
29-May-2013,2.75,2.75
30-May-2013,2.75,2.75
31-May-2013,2.75,2.75
03-Jun-2013,2.75,2.75
04-Jun-2013,2.75,2.75
05-Jun-2013,2.75,2.75
06-Jun-2013,2.75,2.75
07-Jun-2013,2.75,2.75
11-Jun-2013,2.75,2.75
12-Jun-2013,2.75,2.75
13-Jun-2013,2.75,2.75
14-Jun-2013,2.75,2.75
17-Jun-2013,2.75,2.75
18-Jun-2013,2.75,2.75
19-Jun-2013,2.75,2.75
20-Jun-2013,2.75,2.75
21-Jun-2013,2.75,2.75
24-Jun-2013,2.75,2.75
25-Jun-2013,2.75,2.75
26-Jun-2013,2.75,2.75
27-Jun-2013,2.75,2.75
28-Jun-2013,2.75,2.75
01-Jul-2013,2.75,2.75
02-Jul-2013,2.75,2.75
03-Jul-2013,2.75,2.75
04-Jul-2013,2.75,2.75
05-Jul-2013,2.75,2.75
08-Jul-2013,2.75,2.75
09-Jul-2013,2.75,2.75
10-Jul-2013,2.75,2.75
11-Jul-2013,2.75,2.75
12-Jul-2013,2.75,2.75
15-Jul-2013,2.75,2.75
16-Jul-2013,2.75,2.75
17-Jul-2013,2.75,2.75
18-Jul-2013,2.75,2.75
19-Jul-2013,2.75,2.75
22-Jul-2013,2.75,2.75
23-Jul-2013,2.75,2.75
24-Jul-2013,2.75,2.75
25-Jul-2013,2.75,2.75
26-Jul-2013,2.75,2.75
29-Jul-2013,2.75,2.75
30-Jul-2013,2.75,2.75
31-Jul-2013,2.75,2.75
01-Aug-2013,2.75,2.75
02-Aug-2013,2.75,2.75
05-Aug-2013,2.75,2.75
06-Aug-2013,2.75,2.75
07-Aug-2013,2.50,2.50
08-Aug-2013,2.50,2.50
09-Aug-2013,2.50,2.50
12-Aug-2013,2.50,2.50
13-Aug-2013,2.50,2.50
14-Aug-2013,2.50,2.50
15-Aug-2013,2.50,2.50
16-Aug-2013,2.50,2.50
19-Aug-2013,2.50,2.50
20-Aug-2013,2.50,2.50
21-Aug-2013,2.50,2.50
22-Aug-2013,2.50,2.50
23-Aug-2013,2.50,2.50
26-Aug-2013,2.50,2.50
27-Aug-2013,2.50,2.50
28-Aug-2013,2.50,2.50
29-Aug-2013,2.50,2.50
30-Aug-2013,2.50,2.50
02-Sep-2013,2.50,2.50
03-Sep-2013,2.50,2.50
04-Sep-2013,2.50,2.50
05-Sep-2013,2.50,2.50
06-Sep-2013,2.50,2.50
09-Sep-2013,2.50,2.50
10-Sep-2013,2.50,2.50
11-Sep-2013,2.50,2.50
12-Sep-2013,2.50,2.50
13-Sep-2013,2.50,2.50
16-Sep-2013,2.50,2.50
17-Sep-2013,2.50,2.50
18-Sep-2013,2.50,2.50
19-Sep-2013,2.50,2.50
20-Sep-2013,2.50,2.50
23-Sep-2013,2.50,2.50
24-Sep-2013,2.50,2.50
25-Sep-2013,2.50,2.50
26-Sep-2013,2.50,2.50
27-Sep-2013,2.50,2.50
30-Sep-2013,2.50,2.50
01-Oct-2013,2.50,2.50
02-Oct-2013,2.50,2.50
03-Oct-2013,2.50,2.50
04-Oct-2013,2.50,2.50
07-Oct-2013,2.50,2.50
08-Oct-2013,2.50,2.50
09-Oct-2013,2.50,2.50
10-Oct-2013,2.50,2.50
11-Oct-2013,2.50,2.50
14-Oct-2013,2.50,2.50
15-Oct-2013,2.50,2.50
16-Oct-2013,2.50,2.50
17-Oct-2013,2.50,2.50
18-Oct-2013,2.50,2.50
21-Oct-2013,2.50,2.50
22-Oct-2013,2.50,2.50
23-Oct-2013,2.50,2.50
24-Oct-2013,2.50,2.50
25-Oct-2013,2.50,2.50
28-Oct-2013,2.50,2.50
29-Oct-2013,2.50,2.50
30-Oct-2013,2.50,2.50
31-Oct-2013,2.50,2.50
01-Nov-2013,2.50,2.50
04-Nov-2013,2.50,2.50
05-Nov-2013,2.50,2.50
06-Nov-2013,2.50,2.50
07-Nov-2013,2.50,2.50
08-Nov-2013,2.50,2.50
11-Nov-2013,2.50,2.50
12-Nov-2013,2.50,2.50
13-Nov-2013,2.50,2.50
14-Nov-2013,2.50,2.50
15-Nov-2013,2.50,2.50
18-Nov-2013,2.50,2.50
19-Nov-2013,2.50,2.50
20-Nov-2013,2.50,2.50
21-Nov-2013,2.50,2.50
22-Nov-2013,2.50,2.50
25-Nov-2013,2.50,2.50
26-Nov-2013,2.50,2.50
27-Nov-2013,2.50,2.50
28-Nov-2013,2.50,2.50
29-Nov-2013,2.50,2.50
02-Dec-2013,2.50,2.50
03-Dec-2013,2.50,2.50
04-Dec-2013,2.50,2.50
05-Dec-2013,2.50,2.50
06-Dec-2013,2.50,2.50
09-Dec-2013,2.50,2.50
10-Dec-2013,2.50,2.50
11-Dec-2013,2.50,2.50
12-Dec-2013,2.50,2.50
13-Dec-2013,2.50,2.50
16-Dec-2013,2.50,2.50
17-Dec-2013,2.50,2.50
18-Dec-2013,2.50,2.50
19-Dec-2013,2.50,2.50
20-Dec-2013,2.50,2.50
23-Dec-2013,2.50,2.50
24-Dec-2013,2.50,2.50
27-Dec-2013,2.50,2.50
30-Dec-2013,2.50,2.50
31-Dec-2013,2.50,2.50
02-Jan-2014,2.50,2.50
03-Jan-2014,2.50,2.50
06-Jan-2014,2.50,2.50
07-Jan-2014,2.50,2.50
08-Jan-2014,2.50,2.50
09-Jan-2014,2.50,2.50
10-Jan-2014,2.50,2.50
13-Jan-2014,2.50,2.50
14-Jan-2014,2.50,2.50
15-Jan-2014,2.50,2.50
16-Jan-2014,2.50,2.50
17-Jan-2014,2.50,2.50
20-Jan-2014,2.50,2.50
21-Jan-2014,2.50,2.50
22-Jan-2014,2.50,2.50
23-Jan-2014,2.50,2.50
24-Jan-2014,2.50,2.50
28-Jan-2014,2.50,2.50
29-Jan-2014,2.50,2.50
30-Jan-2014,2.50,2.50
31-Jan-2014,2.50,2.50
03-Feb-2014,2.50,2.50
04-Feb-2014,2.50,2.50
05-Feb-2014,2.50,2.50
06-Feb-2014,2.50,2.50
07-Feb-2014,2.50,2.50
10-Feb-2014,2.50,2.50
11-Feb-2014,2.50,2.50
12-Feb-2014,2.50,2.50
13-Feb-2014,2.50,2.50
14-Feb-2014,2.50,2.50
17-Feb-2014,2.50,2.50
18-Feb-2014,2.50,2.50
19-Feb-2014,2.50,2.50
20-Feb-2014,2.50,2.50
21-Feb-2014,2.50,2.50
24-Feb-2014,2.50,2.50
25-Feb-2014,2.50,2.50
26-Feb-2014,2.50,2.50
27-Feb-2014,2.50,2.50
28-Feb-2014,2.50,2.50
03-Mar-2014,2.50,2.50
04-Mar-2014,2.50,2.50
05-Mar-2014,2.50,2.50
06-Mar-2014,2.50,2.50
07-Mar-2014,2.50,2.50
10-Mar-2014,2.50,2.50
11-Mar-2014,2.50,2.50
12-Mar-2014,2.50,2.50
13-Mar-2014,2.50,2.50
14-Mar-2014,2.50,2.50
17-Mar-2014,2.50,2.50
18-Mar-2014,2.50,2.50
19-Mar-2014,2.50,2.50
20-Mar-2014,2.50,2.50
21-Mar-2014,2.50,2.50
24-Mar-2014,2.50,2.50
25-Mar-2014,2.50,2.50
26-Mar-2014,2.50,2.50
27-Mar-2014,2.50,2.50
28-Mar-2014,2.50,2.50
31-Mar-2014,2.50,2.50
01-Apr-2014,2.50,2.50
02-Apr-2014,2.50,2.50
03-Apr-2014,2.50,2.50
04-Apr-2014,2.50,2.50
07-Apr-2014,2.50,2.50
08-Apr-2014,2.50,2.50
09-Apr-2014,2.50,2.50
10-Apr-2014,2.50,2.50
11-Apr-2014,2.50,2.50
14-Apr-2014,2.50,2.50
15-Apr-2014,2.50,2.50
16-Apr-2014,2.50,2.50
17-Apr-2014,2.50,2.50
22-Apr-2014,2.50,2.50
23-Apr-2014,2.50,2.50
24-Apr-2014,2.50,2.50
28-Apr-2014,2.50,2.50
29-Apr-2014,2.50,2.50
30-Apr-2014,2.50,2.50
01-May-2014,2.50,2.50
02-May-2014,2.50,2.50
05-May-2014,2.50,2.50
06-May-2014,2.50,2.50
07-May-2014,2.50,2.50
08-May-2014,2.50,2.50
09-May-2014,2.50,2.50
12-May-2014,2.50,2.50
13-May-2014,2.50,2.50
14-May-2014,2.50,2.50
15-May-2014,2.50,2.50
16-May-2014,2.50,2.50
19-May-2014,2.50,2.50
20-May-2014,2.50,2.50
21-May-2014,2.50,2.50
22-May-2014,2.50,2.50
23-May-2014,2.50,2.50
26-May-2014,2.50,2.50
27-May-2014,2.50,2.50
28-May-2014,2.50,2.50
29-May-2014,2.50,2.50
30-May-2014,2.50,2.50
02-Jun-2014,2.50,2.50
03-Jun-2014,2.50,2.50
04-Jun-2014,2.50,2.50
05-Jun-2014,2.50,2.50
06-Jun-2014,2.50,2.50
10-Jun-2014,2.50,2.50
11-Jun-2014,2.50,2.50
12-Jun-2014,2.50,2.50
13-Jun-2014,2.50,2.50
16-Jun-2014,2.50,2.50
17-Jun-2014,2.50,2.50
18-Jun-2014,2.50,2.50
19-Jun-2014,2.50,2.50
20-Jun-2014,2.50,2.50
23-Jun-2014,2.50,2.50
24-Jun-2014,2.50,2.50
25-Jun-2014,2.50,2.50
26-Jun-2014,2.50,2.50
27-Jun-2014,2.50,2.50
30-Jun-2014,2.50,2.50
01-Jul-2014,2.50,2.50
02-Jul-2014,2.50,2.50
03-Jul-2014,2.50,2.50
04-Jul-2014,2.50,2.50
07-Jul-2014,2.50,2.50
08-Jul-2014,2.50,2.50
09-Jul-2014,2.50,2.50
10-Jul-2014,2.50,2.50
11-Jul-2014,2.50,2.50
14-Jul-2014,2.50,2.50
15-Jul-2014,2.50,2.50
16-Jul-2014,2.50,2.50
17-Jul-2014,2.50,2.50
18-Jul-2014,2.50,2.50
21-Jul-2014,2.50,2.50
22-Jul-2014,2.50,2.50
23-Jul-2014,2.50,2.50
24-Jul-2014,2.50,2.50
25-Jul-2014,2.50,2.50
28-Jul-2014,2.50,2.50
29-Jul-2014,2.50,2.50
30-Jul-2014,2.50,2.50
31-Jul-2014,2.50,2.50
01-Aug-2014,2.50,2.50
04-Aug-2014,2.50,2.50
05-Aug-2014,2.50,2.50
06-Aug-2014,2.50,2.50
07-Aug-2014,2.50,2.50
08-Aug-2014,2.50,2.50
11-Aug-2014,2.50,2.50
12-Aug-2014,2.50,2.50
13-Aug-2014,2.50,2.50
14-Aug-2014,2.50,2.50
15-Aug-2014,2.50,2.50
18-Aug-2014,2.50,2.50
19-Aug-2014,2.50,2.50
20-Aug-2014,2.50,2.50
21-Aug-2014,2.50,2.50
22-Aug-2014,2.50,2.50
25-Aug-2014,2.50,2.50
26-Aug-2014,2.50,2.50
27-Aug-2014,2.50,2.50
28-Aug-2014,2.50,2.50
29-Aug-2014,2.50,2.50
01-Sep-2014,2.50,2.50
02-Sep-2014,2.50,2.50
03-Sep-2014,2.50,2.50
04-Sep-2014,2.50,2.50
05-Sep-2014,2.50,2.50
08-Sep-2014,2.50,2.50
09-Sep-2014,2.50,2.50
10-Sep-2014,2.50,2.50
11-Sep-2014,2.50,2.50
12-Sep-2014,2.50,2.50
15-Sep-2014,2.50,2.50
16-Sep-2014,2.50,2.50
17-Sep-2014,2.50,2.50
18-Sep-2014,2.50,2.50
19-Sep-2014,2.50,2.50
22-Sep-2014,2.50,2.50
23-Sep-2014,2.50,2.50
24-Sep-2014,2.50,2.50
25-Sep-2014,2.50,2.50
26-Sep-2014,2.50,2.50
29-Sep-2014,2.50,2.50
30-Sep-2014,2.50,2.50
01-Oct-2014,2.50,2.50
02-Oct-2014,2.50,2.50
03-Oct-2014,2.50,2.50
06-Oct-2014,2.50,2.50
07-Oct-2014,2.50,2.50
08-Oct-2014,2.50,2.50
09-Oct-2014,2.50,2.50
10-Oct-2014,2.50,2.50
13-Oct-2014,2.50,2.50
14-Oct-2014,2.50,2.50
15-Oct-2014,2.50,2.50
16-Oct-2014,2.50,2.50
17-Oct-2014,2.50,2.50
20-Oct-2014,2.50,2.50
21-Oct-2014,2.50,2.50
22-Oct-2014,2.50,2.50
23-Oct-2014,2.50,2.50
24-Oct-2014,2.50,2.50
27-Oct-2014,2.50,2.50
28-Oct-2014,2.50,2.50
29-Oct-2014,2.50,2.50
30-Oct-2014,2.50,2.50
31-Oct-2014,2.50,2.50
03-Nov-2014,2.50,2.50
04-Nov-2014,2.50,2.50
05-Nov-2014,2.50,2.50
06-Nov-2014,2.50,2.50
07-Nov-2014,2.50,2.50
10-Nov-2014,2.50,2.50
11-Nov-2014,2.50,2.50
12-Nov-2014,2.50,2.50
13-Nov-2014,2.50,2.50
14-Nov-2014,2.50,2.50
17-Nov-2014,2.50,2.50
18-Nov-2014,2.50,2.50
19-Nov-2014,2.50,2.50
20-Nov-2014,2.50,2.50
21-Nov-2014,2.50,2.50
24-Nov-2014,2.50,2.50
25-Nov-2014,2.50,2.50
26-Nov-2014,2.50,2.50
27-Nov-2014,2.50,2.50
28-Nov-2014,2.50,2.50
01-Dec-2014,2.50,2.50
02-Dec-2014,2.50,2.50
03-Dec-2014,2.50,2.50
04-Dec-2014,2.50,2.50
05-Dec-2014,2.50,2.50
08-Dec-2014,2.50,2.50
09-Dec-2014,2.50,2.50
10-Dec-2014,2.50,2.50
11-Dec-2014,2.50,2.50
12-Dec-2014,2.50,2.50
15-Dec-2014,2.50,2.50
16-Dec-2014,2.50,2.50
17-Dec-2014,2.50,2.50
18-Dec-2014,2.50,2.50
19-Dec-2014,2.50,2.50
22-Dec-2014,2.50,2.50
23-Dec-2014,2.50,2.50
24-Dec-2014,2.50,2.50
29-Dec-2014,2.50,2.50
30-Dec-2014,2.50,2.50
31-Dec-2014,2.50,2.50
02-Jan-2015,2.50,2.50
05-Jan-2015,2.50,2.50
06-Jan-2015,2.50,2.50
07-Jan-2015,2.50,2.50
08-Jan-2015,2.50,2.50
09-Jan-2015,2.50,2.50
12-Jan-2015,2.50,2.50
13-Jan-2015,2.50,2.50
14-Jan-2015,2.50,2.50
15-Jan-2015,2.50,2.50
16-Jan-2015,2.50,2.50
19-Jan-2015,2.50,2.50
20-Jan-2015,2.50,2.50
21-Jan-2015,2.50,2.50
22-Jan-2015,2.50,2.50
23-Jan-2015,2.50,2.50
27-Jan-2015,2.50,2.50
28-Jan-2015,2.50,2.50
29-Jan-2015,2.50,2.50
30-Jan-2015,2.50,2.50
02-Feb-2015,2.50,2.50
03-Feb-2015,2.50,2.50
04-Feb-2015,2.25,2.25
05-Feb-2015,2.25,2.25
06-Feb-2015,2.25,2.25
09-Feb-2015,2.25,2.25
10-Feb-2015,2.25,2.25
11-Feb-2015,2.25,2.25
12-Feb-2015,2.25,2.25
13-Feb-2015,2.25,2.25
16-Feb-2015,2.25,2.25
17-Feb-2015,2.25,2.25
18-Feb-2015,2.25,2.25
19-Feb-2015,2.25,2.25
20-Feb-2015,2.25,2.25
23-Feb-2015,2.25,2.25
24-Feb-2015,2.25,2.25
25-Feb-2015,2.25,2.25
26-Feb-2015,2.25,2.25
27-Feb-2015,2.25,2.25
02-Mar-2015,2.25,2.25
03-Mar-2015,2.25,2.25
04-Mar-2015,2.25,2.25
05-Mar-2015,2.25,2.25
06-Mar-2015,2.25,2.25
09-Mar-2015,2.25,2.25
10-Mar-2015,2.25,2.25
11-Mar-2015,2.25,2.25
12-Mar-2015,2.25,2.25
13-Mar-2015,2.25,2.25
16-Mar-2015,2.25,2.25
17-Mar-2015,2.25,2.25
18-Mar-2015,2.25,2.25
19-Mar-2015,2.25,2.25
20-Mar-2015,2.25,2.25
23-Mar-2015,2.25,2.25
24-Mar-2015,2.25,2.25
25-Mar-2015,2.25,2.25
26-Mar-2015,2.25,2.25
27-Mar-2015,2.25,2.25
30-Mar-2015,2.25,2.25
31-Mar-2015,2.25,2.25
01-Apr-2015,2.25,2.25
02-Apr-2015,2.25,2.25
07-Apr-2015,2.25,2.25
08-Apr-2015,2.25,2.25
09-Apr-2015,2.25,2.25
10-Apr-2015,2.25,2.25
13-Apr-2015,2.25,2.25
14-Apr-2015,2.25,2.25
15-Apr-2015,2.25,2.25
16-Apr-2015,2.25,2.25
17-Apr-2015,2.25,2.25
20-Apr-2015,2.25,2.25
21-Apr-2015,2.25,2.25
22-Apr-2015,2.25,2.25
23-Apr-2015,2.25,2.25
24-Apr-2015,2.25,2.25
27-Apr-2015,2.25,2.25
28-Apr-2015,2.25,2.25
29-Apr-2015,2.25,2.25
30-Apr-2015,2.25,2.25
01-May-2015,2.25,2.25
04-May-2015,2.25,2.25
05-May-2015,2.25,2.25
06-May-2015,2.00,2.00
07-May-2015,2.00,2.00
08-May-2015,2.00,2.00
11-May-2015,2.00,2.00
12-May-2015,2.00,2.00
13-May-2015,2.00,2.00
14-May-2015,2.00,2.00
15-May-2015,2.00,2.00
18-May-2015,2.00,2.00
19-May-2015,2.00,2.00
20-May-2015,2.00,2.00
21-May-2015,2.00,2.00
22-May-2015,2.00,2.00
25-May-2015,2.00,2.00
26-May-2015,2.00,2.00
27-May-2015,2.00,2.00
28-May-2015,2.00,2.00
29-May-2015,2.00,2.00
01-Jun-2015,2.00,2.00
02-Jun-2015,2.00,2.00
03-Jun-2015,2.00,2.00
04-Jun-2015,2.00,2.00
05-Jun-2015,2.00,2.00
09-Jun-2015,2.00,2.00
10-Jun-2015,2.00,2.00
11-Jun-2015,2.00,2.00
12-Jun-2015,2.00,2.00
15-Jun-2015,2.00,2.00
16-Jun-2015,2.00,2.00
17-Jun-2015,2.00,2.00
18-Jun-2015,2.00,2.00
19-Jun-2015,2.00,2.00
22-Jun-2015,2.00,2.00
23-Jun-2015,2.00,2.00
24-Jun-2015,2.00,2.00
25-Jun-2015,2.00,2.00
26-Jun-2015,2.00,2.00
29-Jun-2015,2.00,2.00
30-Jun-2015,2.00,2.00
01-Jul-2015,2.00,2.00
02-Jul-2015,2.00,2.00
03-Jul-2015,2.00,2.00
06-Jul-2015,2.00,2.00
07-Jul-2015,2.00,2.00
08-Jul-2015,2.00,2.00
09-Jul-2015,2.00,2.00
10-Jul-2015,2.00,2.00
13-Jul-2015,2.00,2.00
14-Jul-2015,2.00,2.00
15-Jul-2015,2.00,2.00
16-Jul-2015,2.00,2.00
17-Jul-2015,2.00,2.00
20-Jul-2015,2.00,2.00
21-Jul-2015,2.00,2.00
22-Jul-2015,2.00,2.00
23-Jul-2015,2.00,2.00
24-Jul-2015,2.00,2.00
27-Jul-2015,2.00,2.00
28-Jul-2015,2.00,2.00
29-Jul-2015,2.00,2.00
30-Jul-2015,2.00,2.00
31-Jul-2015,2.00,2.00
03-Aug-2015,2.00,2.00
04-Aug-2015,2.00,2.00
05-Aug-2015,2.00,2.00
06-Aug-2015,2.00,2.00
07-Aug-2015,2.00,2.00
10-Aug-2015,2.00,2.00
11-Aug-2015,2.00,2.00
12-Aug-2015,2.00,2.00
13-Aug-2015,2.00,2.00
14-Aug-2015,2.00,2.00
17-Aug-2015,2.00,2.00
18-Aug-2015,2.00,2.00
19-Aug-2015,2.00,2.00
20-Aug-2015,2.00,2.00
21-Aug-2015,2.00,2.00
24-Aug-2015,2.00,2.00
25-Aug-2015,2.00,2.00
26-Aug-2015,2.00,2.00
27-Aug-2015,2.00,2.00
28-Aug-2015,2.00,2.00
31-Aug-2015,2.00,2.00
01-Sep-2015,2.00,2.00
02-Sep-2015,2.00,2.00
03-Sep-2015,2.00,2.00
04-Sep-2015,2.00,2.00
07-Sep-2015,2.00,2.00
08-Sep-2015,2.00,2.00
09-Sep-2015,2.00,2.00
10-Sep-2015,2.00,2.00
11-Sep-2015,2.00,2.00
14-Sep-2015,2.00,2.00
15-Sep-2015,2.00,2.00
16-Sep-2015,2.00,2.00
17-Sep-2015,2.00,2.00
18-Sep-2015,2.00,2.00
21-Sep-2015,2.00,2.00
22-Sep-2015,2.00,2.00
23-Sep-2015,2.00,2.00
24-Sep-2015,2.00,2.00
25-Sep-2015,2.00,2.00
28-Sep-2015,2.00,2.00
29-Sep-2015,2.00,2.00
30-Sep-2015,2.00,2.00
01-Oct-2015,2.00,2.00
02-Oct-2015,2.00,2.00
05-Oct-2015,2.00,2.00
06-Oct-2015,2.00,2.00
07-Oct-2015,2.00,2.00
08-Oct-2015,2.00,2.00
09-Oct-2015,2.00,2.00
12-Oct-2015,2.00,2.00
13-Oct-2015,2.00,2.00
14-Oct-2015,2.00,2.00
15-Oct-2015,2.00,2.00
16-Oct-2015,2.00,2.00
19-Oct-2015,2.00,2.00
20-Oct-2015,2.00,2.00
21-Oct-2015,2.00,2.00
22-Oct-2015,2.00,2.00
23-Oct-2015,2.00,2.00
26-Oct-2015,2.00,2.00
27-Oct-2015,2.00,2.00
28-Oct-2015,2.00,2.00
29-Oct-2015,2.00,2.00
30-Oct-2015,2.00,2.00
02-Nov-2015,2.00,2.00
03-Nov-2015,2.00,2.00
04-Nov-2015,2.00,2.00
05-Nov-2015,2.00,2.00
06-Nov-2015,2.00,2.00
09-Nov-2015,2.00,2.00
10-Nov-2015,2.00,2.00
11-Nov-2015,2.00,2.00
12-Nov-2015,2.00,2.00
13-Nov-2015,2.00,2.00
16-Nov-2015,2.00,2.00
17-Nov-2015,2.00,2.00
18-Nov-2015,2.00,2.00
19-Nov-2015,2.00,2.00
20-Nov-2015,2.00,2.00
23-Nov-2015,2.00,2.00
24-Nov-2015,2.00,2.00
25-Nov-2015,2.00,2.00
26-Nov-2015,2.00,2.00
27-Nov-2015,2.00,2.00
30-Nov-2015,2.00,2.00
01-Dec-2015,2.00,2.00
02-Dec-2015,2.00,2.00
03-Dec-2015,2.00,2.00
04-Dec-2015,2.00,2.00
07-Dec-2015,2.00,2.00
08-Dec-2015,2.00,2.00
09-Dec-2015,2.00,2.00
10-Dec-2015,2.00,2.00
11-Dec-2015,2.00,2.00
14-Dec-2015,2.00,2.00
15-Dec-2015,2.00,2.00
16-Dec-2015,2.00,2.00
17-Dec-2015,2.00,2.00
18-Dec-2015,2.00,2.00
21-Dec-2015,2.00,2.00
22-Dec-2015,2.00,2.00
23-Dec-2015,2.00,2.00
24-Dec-2015,2.00,2.00
29-Dec-2015,2.00,2.00
30-Dec-2015,2.00,2.00
31-Dec-2015,2.00,2.00
04-Jan-2016,2.00,2.00
05-Jan-2016,2.00,2.00
06-Jan-2016,2.00,2.00
07-Jan-2016,2.00,2.00
08-Jan-2016,2.00,2.00
11-Jan-2016,2.00,2.00
12-Jan-2016,2.00,2.00
13-Jan-2016,2.00,2.00
14-Jan-2016,2.00,2.00
15-Jan-2016,2.00,2.00
18-Jan-2016,2.00,2.00
19-Jan-2016,2.00,2.00
20-Jan-2016,2.00,2.00
21-Jan-2016,2.00,2.00
22-Jan-2016,2.00,2.00
25-Jan-2016,2.00,2.00
27-Jan-2016,2.00,2.00
28-Jan-2016,2.00,2.00
29-Jan-2016,2.00,2.00
01-Feb-2016,2.00,2.00
02-Feb-2016,2.00,2.00
03-Feb-2016,2.00,2.00
04-Feb-2016,2.00,2.00
05-Feb-2016,2.00,2.00
08-Feb-2016,2.00,2.00
09-Feb-2016,2.00,2.00
10-Feb-2016,2.00,2.00
11-Feb-2016,2.00,2.00
12-Feb-2016,2.00,2.00
15-Feb-2016,2.00,2.00
16-Feb-2016,2.00,2.00
17-Feb-2016,2.00,2.00
18-Feb-2016,2.00,2.00
19-Feb-2016,2.00,2.00
22-Feb-2016,2.00,2.00
23-Feb-2016,2.00,2.00
24-Feb-2016,2.00,2.00
25-Feb-2016,2.00,2.00
26-Feb-2016,2.00,2.00
29-Feb-2016,2.00,2.00
01-Mar-2016,2.00,2.00
02-Mar-2016,2.00,2.00
03-Mar-2016,2.00,2.00
04-Mar-2016,2.00,2.00
07-Mar-2016,2.00,2.00
08-Mar-2016,2.00,2.00
09-Mar-2016,2.00,2.00
10-Mar-2016,2.00,2.00
11-Mar-2016,2.00,2.00
14-Mar-2016,2.00,2.00
15-Mar-2016,2.00,2.00
16-Mar-2016,2.00,2.00
17-Mar-2016,2.00,2.00
18-Mar-2016,2.00,2.00
21-Mar-2016,2.00,2.00
22-Mar-2016,2.00,2.00
23-Mar-2016,2.00,2.00
24-Mar-2016,2.00,2.00
29-Mar-2016,2.00,2.00
30-Mar-2016,2.00,2.00
31-Mar-2016,2.00,2.00
01-Apr-2016,2.00,2.00
04-Apr-2016,2.00,2.00
05-Apr-2016,2.00,2.00
06-Apr-2016,2.00,2.00
07-Apr-2016,2.00,2.00
08-Apr-2016,2.00,2.00
11-Apr-2016,2.00,2.00
12-Apr-2016,2.00,2.00
13-Apr-2016,2.00,2.00
14-Apr-2016,2.00,2.00
15-Apr-2016,2.00,2.00
18-Apr-2016,2.00,2.00
19-Apr-2016,2.00,2.00
20-Apr-2016,2.00,2.00
21-Apr-2016,2.00,2.00
22-Apr-2016,2.00,2.00
26-Apr-2016,2.00,2.00
27-Apr-2016,2.00,2.00
28-Apr-2016,2.00,2.00
29-Apr-2016,2.00,2.00
02-May-2016,2.00,2.00
03-May-2016,2.00,2.00
04-May-2016,1.75,1.75
05-May-2016,1.75,1.75
06-May-2016,1.75,1.75
09-May-2016,1.75,1.75
10-May-2016,1.75,1.75
11-May-2016,1.75,1.75
12-May-2016,1.75,1.75
13-May-2016,1.75,1.75
16-May-2016,1.75,1.75
17-May-2016,1.75,1.75
18-May-2016,1.75,1.75
19-May-2016,1.75,1.75
20-May-2016,1.75,1.75
23-May-2016,1.75,1.75
24-May-2016,1.75,1.75
25-May-2016,1.75,1.75
26-May-2016,1.75,1.75
27-May-2016,1.75,1.75
30-May-2016,1.75,1.75
31-May-2016,1.75,1.75
01-Jun-2016,1.75,1.75
02-Jun-2016,1.75,1.75
03-Jun-2016,1.75,1.75
06-Jun-2016,1.75,1.75
07-Jun-2016,1.75,1.75
08-Jun-2016,1.75,1.75
09-Jun-2016,1.75,1.75
10-Jun-2016,1.75,1.75
14-Jun-2016,1.75,1.75
15-Jun-2016,1.75,1.75
16-Jun-2016,1.75,1.75
17-Jun-2016,1.75,1.75
20-Jun-2016,1.75,1.75
21-Jun-2016,1.75,1.75
22-Jun-2016,1.75,1.75
23-Jun-2016,1.75,1.75
24-Jun-2016,1.75,1.75
27-Jun-2016,1.75,1.75
28-Jun-2016,1.75,1.75
29-Jun-2016,1.75,1.75
30-Jun-2016,1.75,1.75
01-Jul-2016,1.75,1.75
04-Jul-2016,1.75,1.75
05-Jul-2016,1.75,1.75
06-Jul-2016,1.75,1.75
07-Jul-2016,1.75,1.75
08-Jul-2016,1.75,1.75
11-Jul-2016,1.75,1.75
12-Jul-2016,1.75,1.75
13-Jul-2016,1.75,1.75
14-Jul-2016,1.75,1.75
15-Jul-2016,1.75,1.75
18-Jul-2016,1.75,1.75
19-Jul-2016,1.75,1.75
20-Jul-2016,1.75,1.75
21-Jul-2016,1.75,1.75
22-Jul-2016,1.75,1.75
25-Jul-2016,1.75,1.75
26-Jul-2016,1.75,1.75
27-Jul-2016,1.75,1.75
28-Jul-2016,1.75,1.75
29-Jul-2016,1.75,1.75
01-Aug-2016,1.75,1.75
02-Aug-2016,1.75,1.75
03-Aug-2016,1.50,1.50
04-Aug-2016,1.50,1.50
05-Aug-2016,1.50,1.50
08-Aug-2016,1.50,1.50
09-Aug-2016,1.50,1.50
10-Aug-2016,1.50,1.50
11-Aug-2016,1.50,1.50
12-Aug-2016,1.50,1.50
15-Aug-2016,1.50,1.50
16-Aug-2016,1.50,1.50
17-Aug-2016,1.50,1.50
18-Aug-2016,1.50,1.50
19-Aug-2016,1.50,1.50
22-Aug-2016,1.50,1.50
23-Aug-2016,1.50,1.50
24-Aug-2016,1.50,1.50
25-Aug-2016,1.50,1.50
26-Aug-2016,1.50,1.50
29-Aug-2016,1.50,1.50
30-Aug-2016,1.50,1.50
31-Aug-2016,1.50,1.50
01-Sep-2016,1.50,1.50
02-Sep-2016,1.50,1.50
05-Sep-2016,1.50,1.50
06-Sep-2016,1.50,1.50
07-Sep-2016,1.50,1.50
08-Sep-2016,1.50,1.50
09-Sep-2016,1.50,1.50
12-Sep-2016,1.50,1.50
13-Sep-2016,1.50,1.50
14-Sep-2016,1.50,1.50
15-Sep-2016,1.50,1.50
16-Sep-2016,1.50,1.50
19-Sep-2016,1.50,1.50
20-Sep-2016,1.50,1.50
21-Sep-2016,1.50,1.50
22-Sep-2016,1.50,1.50
23-Sep-2016,1.50,1.50
26-Sep-2016,1.50,1.50
27-Sep-2016,1.50,1.50
28-Sep-2016,1.50,1.50
29-Sep-2016,1.50,1.50
30-Sep-2016,1.50,1.50
03-Oct-2016,1.50,1.50
04-Oct-2016,1.50,1.50
05-Oct-2016,1.50,1.50
06-Oct-2016,1.50,1.50
07-Oct-2016,1.50,1.50
10-Oct-2016,1.50,1.50
11-Oct-2016,1.50,1.50
12-Oct-2016,1.50,1.50
13-Oct-2016,1.50,1.50
14-Oct-2016,1.50,1.50
17-Oct-2016,1.50,1.50
18-Oct-2016,1.50,1.50
19-Oct-2016,1.50,1.50
20-Oct-2016,1.50,1.50
21-Oct-2016,1.50,1.50
24-Oct-2016,1.50,1.50
25-Oct-2016,1.50,1.50
26-Oct-2016,1.50,1.50
27-Oct-2016,1.50,1.50
28-Oct-2016,1.50,1.50
31-Oct-2016,1.50,1.50
01-Nov-2016,1.50,1.50
02-Nov-2016,1.50,1.50
03-Nov-2016,1.50,1.50
04-Nov-2016,1.50,1.50
07-Nov-2016,1.50,1.50
08-Nov-2016,1.50,1.50
09-Nov-2016,1.50,1.50
10-Nov-2016,1.50,1.50
11-Nov-2016,1.50,1.50
14-Nov-2016,1.50,1.50
15-Nov-2016,1.50,1.50
16-Nov-2016,1.50,1.50
17-Nov-2016,1.50,1.50
18-Nov-2016,1.50,1.50
21-Nov-2016,1.50,1.50
22-Nov-2016,1.50,1.50
23-Nov-2016,1.50,1.50
24-Nov-2016,1.50,1.50
25-Nov-2016,1.50,1.50
28-Nov-2016,1.50,1.50
29-Nov-2016,1.50,1.50
30-Nov-2016,1.50,1.50
01-Dec-2016,1.50,1.50
02-Dec-2016,1.50,1.50
05-Dec-2016,1.50,1.50
06-Dec-2016,1.50,1.50
07-Dec-2016,1.50,1.50
08-Dec-2016,1.50,1.50
09-Dec-2016,1.50,1.50
12-Dec-2016,1.50,1.50
13-Dec-2016,1.50,1.50
14-Dec-2016,1.50,1.50
15-Dec-2016,1.50,1.50
16-Dec-2016,1.50,1.50
19-Dec-2016,1.50,1.50
20-Dec-2016,1.50,1.50
21-Dec-2016,1.50,1.50
22-Dec-2016,1.50,1.50
23-Dec-2016,1.50,1.50
28-Dec-2016,1.50,1.50
29-Dec-2016,1.50,1.50
30-Dec-2016,1.50,1.50
03-Jan-2017,1.50,1.50
04-Jan-2017,1.50,1.50
05-Jan-2017,1.50,1.50
06-Jan-2017,1.50,1.50
09-Jan-2017,1.50,1.50
10-Jan-2017,1.50,1.50
11-Jan-2017,1.50,1.50
12-Jan-2017,1.50,1.50
13-Jan-2017,1.50,1.50
16-Jan-2017,1.50,1.50
17-Jan-2017,1.50,1.50
18-Jan-2017,1.50,1.50
19-Jan-2017,1.50,1.50
20-Jan-2017,1.50,1.50
23-Jan-2017,1.50,1.50
24-Jan-2017,1.50,1.50
25-Jan-2017,1.50,1.50
27-Jan-2017,1.50,1.50
30-Jan-2017,1.50,1.50
31-Jan-2017,1.50,1.50
01-Feb-2017,1.50,1.50
02-Feb-2017,1.50,1.50
03-Feb-2017,1.50,1.50
06-Feb-2017,1.50,1.50
07-Feb-2017,1.50,1.50
08-Feb-2017,1.50,1.50
09-Feb-2017,1.50,1.50
10-Feb-2017,1.50,1.50
13-Feb-2017,1.50,1.50
14-Feb-2017,1.50,1.50
15-Feb-2017,1.50,1.50
16-Feb-2017,1.50,1.50
17-Feb-2017,1.50,1.50
20-Feb-2017,1.50,1.50
21-Feb-2017,1.50,1.50
22-Feb-2017,1.50,1.50
23-Feb-2017,1.50,1.50
24-Feb-2017,1.50,1.50
27-Feb-2017,1.50,1.50
28-Feb-2017,1.50,1.50
01-Mar-2017,1.50,1.50
02-Mar-2017,1.50,1.50
03-Mar-2017,1.50,1.50
06-Mar-2017,1.50,1.50
07-Mar-2017,1.50,1.50
08-Mar-2017,1.50,1.50
09-Mar-2017,1.50,1.50
10-Mar-2017,1.50,1.50
13-Mar-2017,1.50,1.50
14-Mar-2017,1.50,1.50
15-Mar-2017,1.50,1.50
16-Mar-2017,1.50,1.50
17-Mar-2017,1.50,1.50
20-Mar-2017,1.50,1.50
21-Mar-2017,1.50,1.50
22-Mar-2017,1.50,1.50
23-Mar-2017,1.50,1.50
24-Mar-2017,1.50,1.50
27-Mar-2017,1.50,1.50
28-Mar-2017,1.50,1.50
29-Mar-2017,1.50,1.50
30-Mar-2017,1.50,1.50
31-Mar-2017,1.50,1.50
03-Apr-2017,1.50,1.50
04-Apr-2017,1.50,1.50
05-Apr-2017,1.50,1.50
06-Apr-2017,1.50,1.50
07-Apr-2017,1.50,1.50
10-Apr-2017,1.50,1.50
11-Apr-2017,1.50,1.50
12-Apr-2017,1.50,1.50
13-Apr-2017,1.50,1.50
18-Apr-2017,1.50,1.50
19-Apr-2017,1.50,1.50
20-Apr-2017,1.50,1.50
21-Apr-2017,1.50,1.50
24-Apr-2017,1.50,1.50
26-Apr-2017,1.50,1.50
27-Apr-2017,1.50,1.50
28-Apr-2017,1.50,1.50
01-May-2017,1.50,1.50
02-May-2017,1.50,1.50
03-May-2017,1.50,1.50
04-May-2017,1.50,1.50
05-May-2017,1.50,1.50
08-May-2017,1.50,1.50
09-May-2017,1.50,1.50
10-May-2017,1.50,1.50
11-May-2017,1.50,1.50
12-May-2017,1.50,1.50
15-May-2017,1.50,1.50
16-May-2017,1.50,1.50
17-May-2017,1.50,1.50
18-May-2017,1.50,1.50
19-May-2017,1.50,1.50
22-May-2017,1.50,1.50
23-May-2017,1.50,1.50
24-May-2017,1.50,1.50
25-May-2017,1.50,1.50
26-May-2017,1.50,1.50
29-May-2017,1.50,1.50
30-May-2017,1.50,1.50
31-May-2017,1.50,1.50
01-Jun-2017,1.50,1.50
02-Jun-2017,1.50,1.50
05-Jun-2017,1.50,1.50
06-Jun-2017,1.50,1.50
07-Jun-2017,1.50,1.50
08-Jun-2017,1.50,1.50
09-Jun-2017,1.50,1.50
13-Jun-2017,1.50,1.50
14-Jun-2017,1.50,1.50
15-Jun-2017,1.50,1.50
16-Jun-2017,1.50,1.50
19-Jun-2017,1.50,1.50
20-Jun-2017,1.50,1.50
21-Jun-2017,1.50,1.50
22-Jun-2017,1.50,1.50
23-Jun-2017,1.50,1.50
26-Jun-2017,1.50,1.50
27-Jun-2017,1.50,1.50
28-Jun-2017,1.50,1.50
29-Jun-2017,1.50,1.50
30-Jun-2017,1.50,1.50
03-Jul-2017,1.50,1.50
04-Jul-2017,1.50,1.50
05-Jul-2017,1.50,1.50
06-Jul-2017,1.50,1.50
07-Jul-2017,1.50,1.50
10-Jul-2017,1.50,1.50
11-Jul-2017,1.50,1.50
12-Jul-2017,1.50,1.50
13-Jul-2017,1.50,1.50
14-Jul-2017,1.50,1.50
17-Jul-2017,1.50,1.50
18-Jul-2017,1.50,1.50
19-Jul-2017,1.50,1.50
20-Jul-2017,1.50,1.50
21-Jul-2017,1.50,1.50
24-Jul-2017,1.50,1.50
25-Jul-2017,1.50,1.50
26-Jul-2017,1.50,1.50
27-Jul-2017,1.50,1.50
28-Jul-2017,1.50,1.50
31-Jul-2017,1.50,1.50
01-Aug-2017,1.50,1.50
02-Aug-2017,1.50,1.50
03-Aug-2017,1.50,1.50
04-Aug-2017,1.50,1.50
07-Aug-2017,1.50,1.50
08-Aug-2017,1.50,1.50
09-Aug-2017,1.50,1.50
10-Aug-2017,1.50,1.50
11-Aug-2017,1.50,1.50
14-Aug-2017,1.50,1.50
15-Aug-2017,1.50,1.50
16-Aug-2017,1.50,1.50
17-Aug-2017,1.50,1.50
18-Aug-2017,1.50,1.50
21-Aug-2017,1.50,1.50
22-Aug-2017,1.50,1.50
23-Aug-2017,1.50,1.50
24-Aug-2017,1.50,1.50
25-Aug-2017,1.50,1.50
28-Aug-2017,1.50,1.50
29-Aug-2017,1.50,1.50
30-Aug-2017,1.50,1.50
31-Aug-2017,1.50,1.50
01-Sep-2017,1.50,1.50
04-Sep-2017,1.50,1.50
05-Sep-2017,1.50,1.50
06-Sep-2017,1.50,1.50
07-Sep-2017,1.50,1.50
08-Sep-2017,1.50,1.50
11-Sep-2017,1.50,1.50
12-Sep-2017,1.50,1.50
13-Sep-2017,1.50,1.50
14-Sep-2017,1.50,1.50
15-Sep-2017,1.50,1.50
18-Sep-2017,1.50,1.50
19-Sep-2017,1.50,1.50
20-Sep-2017,1.50,1.50
21-Sep-2017,1.50,1.50
22-Sep-2017,1.50,1.50
25-Sep-2017,1.50,1.50
26-Sep-2017,1.50,1.50
27-Sep-2017,1.50,1.50
28-Sep-2017,1.50,1.50
29-Sep-2017,1.50,1.50
02-Oct-2017,1.50,1.50
03-Oct-2017,1.50,1.50
04-Oct-2017,1.50,1.50
05-Oct-2017,1.50,1.50
06-Oct-2017,1.50,1.50
09-Oct-2017,1.50,1.50
10-Oct-2017,1.50,1.50
11-Oct-2017,1.50,1.50
12-Oct-2017,1.50,1.50
13-Oct-2017,1.50,1.50
16-Oct-2017,1.50,1.50
17-Oct-2017,1.50,1.50
18-Oct-2017,1.50,1.50
19-Oct-2017,1.50,1.50
20-Oct-2017,1.50,1.50
23-Oct-2017,1.50,1.50
24-Oct-2017,1.50,1.50
25-Oct-2017,1.50,1.50
26-Oct-2017,1.50,1.50
27-Oct-2017,1.50,1.50
30-Oct-2017,1.50,1.50
31-Oct-2017,1.50,1.50
01-Nov-2017,1.50,1.50
02-Nov-2017,1.50,1.50
03-Nov-2017,1.50,1.50
06-Nov-2017,1.50,1.50
07-Nov-2017,1.50,1.50
08-Nov-2017,1.50,1.50
09-Nov-2017,1.50,1.50
10-Nov-2017,1.50,1.50
13-Nov-2017,1.50,1.50
14-Nov-2017,1.50,1.50
15-Nov-2017,1.50,1.50
16-Nov-2017,1.50,1.50
17-Nov-2017,1.50,1.50
20-Nov-2017,1.50,1.50
21-Nov-2017,1.50,1.50
22-Nov-2017,1.50,1.50
23-Nov-2017,1.50,1.50
24-Nov-2017,1.50,1.50
27-Nov-2017,1.50,1.50
28-Nov-2017,1.50,1.50
29-Nov-2017,1.50,1.50
30-Nov-2017,1.50,1.50
01-Dec-2017,1.50,1.50
04-Dec-2017,1.50,1.50
05-Dec-2017,1.50,1.50
06-Dec-2017,1.50,1.50
07-Dec-2017,1.50,1.50
08-Dec-2017,1.50,1.50
11-Dec-2017,1.50,1.50
12-Dec-2017,1.50,1.50
13-Dec-2017,1.50,1.50
14-Dec-2017,1.50,1.50
15-Dec-2017,1.50,1.50
18-Dec-2017,1.50,1.50
19-Dec-2017,1.50,1.50
20-Dec-2017,1.50,1.50
21-Dec-2017,1.50,1.50
22-Dec-2017,1.50,1.50
27-Dec-2017,1.50,1.50
28-Dec-2017,1.50,1.50
29-Dec-2017,1.50,1.50
02-Jan-2018,1.50,1.50
03-Jan-2018,1.50,1.50
04-Jan-2018,1.50,1.50
05-Jan-2018,1.50,1.50
08-Jan-2018,1.50,1.50
09-Jan-2018,1.50,1.50
10-Jan-2018,1.50,1.50
11-Jan-2018,1.50,1.50
12-Jan-2018,1.50,1.50
15-Jan-2018,1.50,1.50
16-Jan-2018,1.50,1.50
17-Jan-2018,1.50,1.50
18-Jan-2018,1.50,1.50
19-Jan-2018,1.50,1.50
22-Jan-2018,1.50,1.50
23-Jan-2018,1.50,1.50
24-Jan-2018,1.50,1.50
25-Jan-2018,1.50,1.50
29-Jan-2018,1.50,1.50
30-Jan-2018,1.50,1.50
31-Jan-2018,1.50,1.50
01-Feb-2018,1.50,1.50
02-Feb-2018,1.50,1.50
05-Feb-2018,1.50,1.50
06-Feb-2018,1.50,1.50
07-Feb-2018,1.50,1.50
08-Feb-2018,1.50,1.50
09-Feb-2018,1.50,1.50
12-Feb-2018,1.50,1.50
13-Feb-2018,1.50,1.50
14-Feb-2018,1.50,1.50
15-Feb-2018,1.50,1.50
16-Feb-2018,1.50,1.50
19-Feb-2018,1.50,1.50
20-Feb-2018,1.50,1.50
21-Feb-2018,1.50,1.50
22-Feb-2018,1.50,1.50
23-Feb-2018,1.50,1.50
26-Feb-2018,1.50,1.50
27-Feb-2018,1.50,1.50
28-Feb-2018,1.50,1.50
01-Mar-2018,1.50,1.50
02-Mar-2018,1.50,1.50
05-Mar-2018,1.50,1.50
06-Mar-2018,1.50,1.50
07-Mar-2018,1.50,1.50
08-Mar-2018,1.50,1.50
09-Mar-2018,1.50,1.50
12-Mar-2018,1.50,1.50
13-Mar-2018,1.50,1.50
14-Mar-2018,1.50,1.50
15-Mar-2018,1.50,1.50
16-Mar-2018,1.50,1.50
19-Mar-2018,1.50,1.50
20-Mar-2018,1.50,1.50
21-Mar-2018,1.50,1.50
22-Mar-2018,1.50,1.50
23-Mar-2018,1.50,1.50
26-Mar-2018,1.50,1.50
27-Mar-2018,1.50,1.50
28-Mar-2018,1.50,1.50
29-Mar-2018,1.50,1.50
03-Apr-2018,1.50,1.50
04-Apr-2018,1.50,1.50
05-Apr-2018,1.50,1.50
06-Apr-2018,1.50,1.50
09-Apr-2018,1.50,1.50
10-Apr-2018,1.50,1.50
11-Apr-2018,1.50,1.50
12-Apr-2018,1.50,1.50
13-Apr-2018,1.50,1.50
16-Apr-2018,1.50,1.50
17-Apr-2018,1.50,1.50
18-Apr-2018,1.50,1.50
19-Apr-2018,1.50,1.50
20-Apr-2018,1.50,1.50
23-Apr-2018,1.50,1.50
24-Apr-2018,1.50,1.50
26-Apr-2018,1.50,1.50
27-Apr-2018,1.50,1.50
30-Apr-2018,1.50,1.50
01-May-2018,1.50,1.50
02-May-2018,1.50,1.50
03-May-2018,1.50,1.50
04-May-2018,1.50,1.50
07-May-2018,1.50,1.50
08-May-2018,1.50,1.50
09-May-2018,1.50,1.50
10-May-2018,1.50,1.50
11-May-2018,1.50,1.50
14-May-2018,1.50,1.50
15-May-2018,1.50,1.50
16-May-2018,1.50,1.50
17-May-2018,1.50,1.50
18-May-2018,1.50,1.50
21-May-2018,1.50,1.50
22-May-2018,1.50,1.50
23-May-2018,1.50,1.50
24-May-2018,1.50,1.50
25-May-2018,1.50,1.50
28-May-2018,1.50,1.50
29-May-2018,1.50,1.50
30-May-2018,1.50,1.50
31-May-2018,1.50,1.50
01-Jun-2018,1.50,1.50
04-Jun-2018,1.50,1.50
05-Jun-2018,1.50,1.50
06-Jun-2018,1.50,1.50
07-Jun-2018,1.50,1.50
08-Jun-2018,1.50,1.50
12-Jun-2018,1.50,1.50
13-Jun-2018,1.50,1.50
14-Jun-2018,1.50,1.50
15-Jun-2018,1.50,1.50
18-Jun-2018,1.50,1.50
19-Jun-2018,1.50,1.50
20-Jun-2018,1.50,1.50
21-Jun-2018,1.50,1.50
22-Jun-2018,1.50,1.50
25-Jun-2018,1.50,1.50
26-Jun-2018,1.50,1.50
27-Jun-2018,1.50,1.50
28-Jun-2018,1.50,1.50
29-Jun-2018,1.50,1.50
02-Jul-2018,1.50,1.50
03-Jul-2018,1.50,1.50
04-Jul-2018,1.50,1.50
05-Jul-2018,1.50,1.50
06-Jul-2018,1.50,1.50
09-Jul-2018,1.50,1.50
10-Jul-2018,1.50,1.50
11-Jul-2018,1.50,1.50
12-Jul-2018,1.50,1.50
13-Jul-2018,1.50,1.50
16-Jul-2018,1.50,1.50
17-Jul-2018,1.50,1.50
18-Jul-2018,1.50,1.50
19-Jul-2018,1.50,1.50
20-Jul-2018,1.50,1.50
23-Jul-2018,1.50,1.50
24-Jul-2018,1.50,1.50
25-Jul-2018,1.50,1.50
26-Jul-2018,1.50,1.50
27-Jul-2018,1.50,1.50
30-Jul-2018,1.50,1.50
31-Jul-2018,1.50,1.50
01-Aug-2018,1.50,1.50
02-Aug-2018,1.50,1.50
03-Aug-2018,1.50,1.50
06-Aug-2018,1.50,1.50
07-Aug-2018,1.50,1.50
08-Aug-2018,1.50,1.50
09-Aug-2018,1.50,1.50
10-Aug-2018,1.50,1.50
13-Aug-2018,1.50,1.50
14-Aug-2018,1.50,1.50
15-Aug-2018,1.50,1.50
16-Aug-2018,1.50,1.50
17-Aug-2018,1.50,1.50
20-Aug-2018,1.50,1.50
21-Aug-2018,1.50,1.50
22-Aug-2018,1.50,1.50
23-Aug-2018,1.50,1.50
24-Aug-2018,1.50,1.50
27-Aug-2018,1.50,1.50
28-Aug-2018,1.50,1.50
29-Aug-2018,1.50,1.50
30-Aug-2018,1.50,1.50
31-Aug-2018,1.50,1.50
03-Sep-2018,1.50,1.50
04-Sep-2018,1.50,1.50
05-Sep-2018,1.50,1.50
06-Sep-2018,1.50,1.50
07-Sep-2018,1.50,1.50
10-Sep-2018,1.50,1.50
11-Sep-2018,1.50,1.50
12-Sep-2018,1.50,1.50
13-Sep-2018,1.50,1.50
14-Sep-2018,1.50,1.50
17-Sep-2018,1.50,1.50
18-Sep-2018,1.50,1.50
19-Sep-2018,1.50,1.50
20-Sep-2018,1.50,1.50
21-Sep-2018,1.50,1.50
24-Sep-2018,1.50,1.50
25-Sep-2018,1.50,1.50
26-Sep-2018,1.50,1.50
27-Sep-2018,1.50,1.50
28-Sep-2018,1.50,1.50
01-Oct-2018,1.50,1.50
02-Oct-2018,1.50,1.50
03-Oct-2018,1.50,1.50
04-Oct-2018,1.50,1.50
05-Oct-2018,1.50,1.50
08-Oct-2018,1.50,1.50
09-Oct-2018,1.50,1.50
10-Oct-2018,1.50,1.50
11-Oct-2018,1.50,1.50
12-Oct-2018,1.50,1.50
15-Oct-2018,1.50,1.50
16-Oct-2018,1.50,1.50
17-Oct-2018,1.50,1.50
18-Oct-2018,1.50,1.50
19-Oct-2018,1.50,1.50
22-Oct-2018,1.50,1.50
23-Oct-2018,1.50,1.50
24-Oct-2018,1.50,1.50
25-Oct-2018,1.50,1.50
26-Oct-2018,1.50,1.50
29-Oct-2018,1.50,1.50
30-Oct-2018,1.50,1.50
31-Oct-2018,1.50,1.50
01-Nov-2018,1.50,1.50
02-Nov-2018,1.50,1.50
05-Nov-2018,1.50,1.50
06-Nov-2018,1.50,1.50
07-Nov-2018,1.50,1.50
08-Nov-2018,1.50,1.50
09-Nov-2018,1.50,1.50
12-Nov-2018,1.50,1.50
13-Nov-2018,1.50,1.50
14-Nov-2018,1.50,1.50
15-Nov-2018,1.50,1.50
16-Nov-2018,1.50,1.50
19-Nov-2018,1.50,1.50
20-Nov-2018,1.50,1.50
21-Nov-2018,1.50,1.50
22-Nov-2018,1.50,1.50
23-Nov-2018,1.50,1.50
26-Nov-2018,1.50,1.50
27-Nov-2018,1.50,1.50
28-Nov-2018,1.50,1.50
29-Nov-2018,1.50,1.50
30-Nov-2018,1.50,1.50
03-Dec-2018,1.50,1.50
04-Dec-2018,1.50,1.50
05-Dec-2018,1.50,1.50
06-Dec-2018,1.50,1.50
07-Dec-2018,1.50,1.50
10-Dec-2018,1.50,1.50
11-Dec-2018,1.50,1.50
12-Dec-2018,1.50,1.50
13-Dec-2018,1.50,1.50
14-Dec-2018,1.50,1.50
17-Dec-2018,1.50,1.50
18-Dec-2018,1.50,1.50
19-Dec-2018,1.50,1.50
20-Dec-2018,1.50,1.50
21-Dec-2018,1.50,1.50
24-Dec-2018,1.50,1.50
27-Dec-2018,1.50,1.50
28-Dec-2018,1.50,1.50
31-Dec-2018,1.50,1.50
02-Jan-2019,1.50,1.50
03-Jan-2019,1.50,1.50
04-Jan-2019,1.50,1.50
07-Jan-2019,1.50,1.50
08-Jan-2019,1.50,1.50
09-Jan-2019,1.50,1.50
10-Jan-2019,1.50,1.50
11-Jan-2019,1.50,1.50
14-Jan-2019,1.50,1.50
15-Jan-2019,1.50,1.50
16-Jan-2019,1.50,1.50
17-Jan-2019,1.50,1.50
18-Jan-2019,1.50,1.50
21-Jan-2019,1.50,1.50
22-Jan-2019,1.50,1.50
23-Jan-2019,1.50,1.50
24-Jan-2019,1.50,1.50
25-Jan-2019,1.50,1.50
29-Jan-2019,1.50,1.50
30-Jan-2019,1.50,1.50
31-Jan-2019,1.50,1.50
01-Feb-2019,1.50,1.50
04-Feb-2019,1.50,1.50
05-Feb-2019,1.50,1.50
06-Feb-2019,1.50,1.50
07-Feb-2019,1.50,1.50
08-Feb-2019,1.50,1.50
11-Feb-2019,1.50,1.50
12-Feb-2019,1.50,1.50
13-Feb-2019,1.50,1.50
14-Feb-2019,1.50,1.50
15-Feb-2019,1.50,1.50
18-Feb-2019,1.50,1.50
19-Feb-2019,1.50,1.50
20-Feb-2019,1.50,1.50
21-Feb-2019,1.50,1.50
22-Feb-2019,1.50,1.50
25-Feb-2019,1.50,1.50
26-Feb-2019,1.50,1.50
27-Feb-2019,1.50,1.50
28-Feb-2019,1.50,1.50
01-Mar-2019,1.50,1.50
04-Mar-2019,1.50,1.50
05-Mar-2019,1.50,1.50
06-Mar-2019,1.50,1.50
07-Mar-2019,1.50,1.50
08-Mar-2019,1.50,1.50
11-Mar-2019,1.50,1.50
12-Mar-2019,1.50,1.50
13-Mar-2019,1.50,1.50
14-Mar-2019,1.50,1.50
15-Mar-2019,1.50,1.50
18-Mar-2019,1.50,1.50
19-Mar-2019,1.50,1.50
20-Mar-2019,1.50,1.50
21-Mar-2019,1.50,1.50
22-Mar-2019,1.50,1.50
25-Mar-2019,1.50,1.50
26-Mar-2019,1.50,1.50
27-Mar-2019,1.50,1.50
28-Mar-2019,1.50,1.50
29-Mar-2019,1.50,1.50
01-Apr-2019,1.50,1.50
02-Apr-2019,1.50,1.50
03-Apr-2019,1.50,1.50
04-Apr-2019,1.50,1.50
05-Apr-2019,1.50,1.50
08-Apr-2019,1.50,1.50
09-Apr-2019,1.50,1.50
10-Apr-2019,1.50,1.50
11-Apr-2019,1.50,1.50
12-Apr-2019,1.50,1.50
15-Apr-2019,1.50,1.50
16-Apr-2019,1.50,1.50
17-Apr-2019,1.50,1.50
18-Apr-2019,1.50,1.50
23-Apr-2019,1.50,1.50
24-Apr-2019,1.50,1.50
26-Apr-2019,1.50,1.50
29-Apr-2019,1.50,1.50
30-Apr-2019,1.50,1.50
01-May-2019,1.50,1.50
02-May-2019,1.50,1.50
03-May-2019,1.50,1.50
06-May-2019,1.50,1.50
07-May-2019,1.50,1.50
08-May-2019,1.50,1.50
09-May-2019,1.50,1.50
10-May-2019,1.50,1.50
13-May-2019,1.50,1.50
14-May-2019,1.50,1.50
15-May-2019,1.50,1.50
16-May-2019,1.50,1.50
17-May-2019,1.50,1.50
20-May-2019,1.50,1.50
21-May-2019,1.50,1.50
22-May-2019,1.50,1.50
23-May-2019,1.50,1.50
24-May-2019,1.50,1.50
27-May-2019,1.50,1.50
28-May-2019,1.50,1.50
29-May-2019,1.50,1.50
30-May-2019,1.50,1.50
31-May-2019,1.50,1.50
03-Jun-2019,1.50,1.50
04-Jun-2019,1.50,1.50
05-Jun-2019,1.25,1.25
06-Jun-2019,1.25,1.25
07-Jun-2019,1.25,1.25
11-Jun-2019,1.25,1.25
12-Jun-2019,1.25,1.25
13-Jun-2019,1.25,1.25
14-Jun-2019,1.25,1.25
17-Jun-2019,1.25,1.25
18-Jun-2019,1.25,1.25
19-Jun-2019,1.25,1.25
20-Jun-2019,1.25,1.25
21-Jun-2019,1.25,1.25
24-Jun-2019,1.25,1.25
25-Jun-2019,1.25,1.25
26-Jun-2019,1.25,1.25
27-Jun-2019,1.25,1.25
28-Jun-2019,1.25,1.25
01-Jul-2019,1.25,1.25
02-Jul-2019,1.25,1.25
03-Jul-2019,1.00,1.00
04-Jul-2019,1.00,1.00
05-Jul-2019,1.00,1.00
08-Jul-2019,1.00,1.00
09-Jul-2019,1.00,1.00
10-Jul-2019,1.00,1.00
11-Jul-2019,1.00,1.00
12-Jul-2019,1.00,1.00
15-Jul-2019,1.00,1.00
16-Jul-2019,1.00,1.00
17-Jul-2019,1.00,1.00
18-Jul-2019,1.00,1.00
19-Jul-2019,1.00,1.00
22-Jul-2019,1.00,1.00
23-Jul-2019,1.00,1.00
24-Jul-2019,1.00,1.00
25-Jul-2019,1.00,1.00
26-Jul-2019,1.00,1.00
29-Jul-2019,1.00,1.00
30-Jul-2019,1.00,1.00
31-Jul-2019,1.00,1.00
01-Aug-2019,1.00,1.00
02-Aug-2019,1.00,1.00
05-Aug-2019,1.00,1.00
06-Aug-2019,1.00,1.00
07-Aug-2019,1.00,1.00
08-Aug-2019,1.00,1.00
09-Aug-2019,1.00,1.00
12-Aug-2019,1.00,1.00
13-Aug-2019,1.00,1.00
14-Aug-2019,1.00,1.00
15-Aug-2019,1.00,1.00
16-Aug-2019,1.00,1.00
19-Aug-2019,1.00,1.00
20-Aug-2019,1.00,1.00
21-Aug-2019,1.00,1.00
22-Aug-2019,1.00,1.00
23-Aug-2019,1.00,1.00
26-Aug-2019,1.00,1.00
27-Aug-2019,1.00,1.00
28-Aug-2019,1.00,1.00
29-Aug-2019,1.00,1.00
30-Aug-2019,1.00,1.00
02-Sep-2019,1.00,1.00
03-Sep-2019,1.00,1.00
04-Sep-2019,1.00,1.00
05-Sep-2019,1.00,1.00
06-Sep-2019,1.00,1.00
09-Sep-2019,1.00,1.00
10-Sep-2019,1.00,1.00
11-Sep-2019,1.00,1.00
12-Sep-2019,1.00,1.00
13-Sep-2019,1.00,1.00
16-Sep-2019,1.00,1.00
17-Sep-2019,1.00,1.00
18-Sep-2019,1.00,1.00
19-Sep-2019,1.00,1.00
20-Sep-2019,1.00,1.00
23-Sep-2019,1.00,1.00
24-Sep-2019,1.00,1.00
25-Sep-2019,1.00,1.00
26-Sep-2019,1.00,1.00
27-Sep-2019,1.00,1.00
30-Sep-2019,1.00,1.00
01-Oct-2019,1.00,1.00
02-Oct-2019,0.75,0.75
03-Oct-2019,0.75,0.75
04-Oct-2019,0.75,0.75
07-Oct-2019,0.75,0.75
08-Oct-2019,0.75,0.75
09-Oct-2019,0.75,0.75
10-Oct-2019,0.75,0.75
11-Oct-2019,0.75,0.75
14-Oct-2019,0.75,0.75
15-Oct-2019,0.75,0.75
16-Oct-2019,0.75,0.75
17-Oct-2019,0.75,0.75
18-Oct-2019,0.75,0.75
21-Oct-2019,0.75,0.75
22-Oct-2019,0.75,0.75
23-Oct-2019,0.75,0.75
24-Oct-2019,0.75,0.75
25-Oct-2019,0.75,0.75
28-Oct-2019,0.75,0.75
29-Oct-2019,0.75,0.75
30-Oct-2019,0.75,0.75
31-Oct-2019,0.75,0.75
01-Nov-2019,0.75,0.75
04-Nov-2019,0.75,0.75
05-Nov-2019,0.75,0.75
06-Nov-2019,0.75,0.75
07-Nov-2019,0.75,0.75
08-Nov-2019,0.75,0.75
11-Nov-2019,0.75,0.75
12-Nov-2019,0.75,0.75
13-Nov-2019,0.75,0.75
14-Nov-2019,0.75,0.75
15-Nov-2019,0.75,0.75
18-Nov-2019,0.75,0.75
19-Nov-2019,0.75,0.75
20-Nov-2019,0.75,0.75
21-Nov-2019,0.75,0.75
22-Nov-2019,0.75,0.75
25-Nov-2019,0.75,0.75
26-Nov-2019,0.75,0.75
27-Nov-2019,0.75,0.75
28-Nov-2019,0.75,0.75
29-Nov-2019,0.75,0.75
02-Dec-2019,0.75,0.75
03-Dec-2019,0.75,0.75
04-Dec-2019,0.75,0.75
05-Dec-2019,0.75,0.75
06-Dec-2019,0.75,0.75
09-Dec-2019,0.75,0.75
10-Dec-2019,0.75,0.75
11-Dec-2019,0.75,0.75
12-Dec-2019,0.75,0.75
13-Dec-2019,0.75,0.75
16-Dec-2019,0.75,0.75
17-Dec-2019,0.75,0.75
18-Dec-2019,0.75,0.75
19-Dec-2019,0.75,0.75
20-Dec-2019,0.75,0.75
23-Dec-2019,0.75,0.75
24-Dec-2019,0.75,0.75
27-Dec-2019,0.75,0.75
30-Dec-2019,0.75,0.75
31-Dec-2019,0.75,0.75
02-Jan-2020,0.75,0.75
03-Jan-2020,0.75,0.75
06-Jan-2020,0.75,0.75
07-Jan-2020,0.75,0.75
08-Jan-2020,0.75,0.75
09-Jan-2020,0.75,0.75
10-Jan-2020,0.75,0.75
13-Jan-2020,0.75,0.75
14-Jan-2020,0.75,0.75
15-Jan-2020,0.75,0.75
16-Jan-2020,0.75,0.75
17-Jan-2020,0.75,0.75
20-Jan-2020,0.75,0.75
21-Jan-2020,0.75,0.75
22-Jan-2020,0.75,0.75
23-Jan-2020,0.75,0.75
24-Jan-2020,0.75,0.75
28-Jan-2020,0.75,0.75
29-Jan-2020,0.75,0.75
30-Jan-2020,0.75,0.75
31-Jan-2020,0.75,0.75
03-Feb-2020,0.75,0.75
04-Feb-2020,0.75,0.75
05-Feb-2020,0.75,0.75
06-Feb-2020,0.75,0.75
07-Feb-2020,0.75,0.75
10-Feb-2020,0.75,0.75
11-Feb-2020,0.75,0.75
12-Feb-2020,0.75,0.75
13-Feb-2020,0.75,0.75
14-Feb-2020,0.75,0.75
17-Feb-2020,0.75,0.75
18-Feb-2020,0.75,0.75
19-Feb-2020,0.75,0.75
20-Feb-2020,0.75,0.75
21-Feb-2020,0.75,0.75
24-Feb-2020,0.75,0.75
25-Feb-2020,0.75,0.75
26-Feb-2020,0.75,0.75
27-Feb-2020,0.75,0.75
28-Feb-2020,0.75,0.75
02-Mar-2020,0.75,0.75
03-Mar-2020,0.75,0.75
04-Mar-2020,0.50,0.50
05-Mar-2020,0.50,0.50
06-Mar-2020,0.50,0.50
09-Mar-2020,0.50,0.50
10-Mar-2020,0.50,0.50
11-Mar-2020,0.50,0.50
12-Mar-2020,0.50,0.50
13-Mar-2020,0.50,0.50
16-Mar-2020,0.50,0.50
17-Mar-2020,0.50,0.50
18-Mar-2020,0.50,0.50
19-Mar-2020,0.50,0.50
20-Mar-2020,0.25,0.25
23-Mar-2020,0.25,0.25
24-Mar-2020,0.25,0.25
25-Mar-2020,0.25,0.24
26-Mar-2020,0.25,0.23
27-Mar-2020,0.25,0.22
30-Mar-2020,0.25,0.23
31-Mar-2020,0.25,0.20
01-Apr-2020,0.25,0.20
02-Apr-2020,0.25,0.19
03-Apr-2020,0.25,0.18
06-Apr-2020,0.25,0.18
07-Apr-2020,0.25,0.17
08-Apr-2020,0.25,0.17
09-Apr-2020,0.25,0.17
14-Apr-2020,0.25,0.17
15-Apr-2020,0.25,0.16
16-Apr-2020,0.25,0.15
17-Apr-2020,0.25,0.15
20-Apr-2020,0.25,0.15
21-Apr-2020,0.25,0.14
22-Apr-2020,0.25,0.14
23-Apr-2020,0.25,0.14
24-Apr-2020,0.25,0.14
27-Apr-2020,0.25,0.13
28-Apr-2020,0.25,0.13
29-Apr-2020,0.25,0.13
30-Apr-2020,0.25,0.14
01-May-2020,0.25,0.14
04-May-2020,0.25,0.14
05-May-2020,0.25,0.14
06-May-2020,0.25,0.14
07-May-2020,0.25,0.14
08-May-2020,0.25,0.14
11-May-2020,0.25,0.14
12-May-2020,0.25,0.14
13-May-2020,0.25,0.14
14-May-2020,0.25,0.13
15-May-2020,0.25,0.13
18-May-2020,0.25,0.13
19-May-2020,0.25,0.13
20-May-2020,0.25,0.13
21-May-2020,0.25,0.13
22-May-2020,0.25,0.13
25-May-2020,0.25,0.13
26-May-2020,0.25,0.13
27-May-2020,0.25,0.13
28-May-2020,0.25,0.14
29-May-2020,0.25,0.14
01-Jun-2020,0.25,0.15
02-Jun-2020,0.25,0.15
03-Jun-2020,0.25,0.14
04-Jun-2020,0.25,0.14
05-Jun-2020,0.25,0.14
09-Jun-2020,0.25,0.14
10-Jun-2020,0.25,0.14
11-Jun-2020,0.25,0.14
12-Jun-2020,0.25,0.14
15-Jun-2020,0.25,0.13
16-Jun-2020,0.25,0.13
17-Jun-2020,0.25,0.13
18-Jun-2020,0.25,0.13
19-Jun-2020,0.25,0.13
22-Jun-2020,0.25,0.13
23-Jun-2020,0.25,0.13
24-Jun-2020,0.25,0.13
25-Jun-2020,0.25,0.13
26-Jun-2020,0.25,0.13
29-Jun-2020,0.25,0.13
30-Jun-2020,0.25,0.14
01-Jul-2020,0.25,0.14
02-Jul-2020,0.25,0.14
03-Jul-2020,0.25,0.13
06-Jul-2020,0.25,0.13
07-Jul-2020,0.25,0.13
08-Jul-2020,0.25,0.13
09-Jul-2020,0.25,0.13
10-Jul-2020,0.25,0.13
13-Jul-2020,0.25,0.13
14-Jul-2020,0.25,0.13
15-Jul-2020,0.25,0.13
16-Jul-2020,0.25,0.13
17-Jul-2020,0.25,0.13
20-Jul-2020,0.25,0.13
21-Jul-2020,0.25,0.13
22-Jul-2020,0.25,0.13
23-Jul-2020,0.25,0.13
24-Jul-2020,0.25,0.13
27-Jul-2020,0.25,0.13
28-Jul-2020,0.25,0.13
29-Jul-2020,0.25,0.13
30-Jul-2020,0.25,0.13
31-Jul-2020,0.25,0.13
03-Aug-2020,0.25,0.13
04-Aug-2020,0.25,0.13
05-Aug-2020,0.25,0.14
06-Aug-2020,0.25,0.14
07-Aug-2020,0.25,0.14
10-Aug-2020,0.25,0.13
11-Aug-2020,0.25,0.13
12-Aug-2020,0.25,0.13
13-Aug-2020,0.25,0.13
14-Aug-2020,0.25,0.13
17-Aug-2020,0.25,0.13
18-Aug-2020,0.25,0.13
19-Aug-2020,0.25,0.13
20-Aug-2020,0.25,0.13
21-Aug-2020,0.25,0.13
24-Aug-2020,0.25,0.13
25-Aug-2020,0.25,0.13
26-Aug-2020,0.25,0.13
27-Aug-2020,0.25,0.13
28-Aug-2020,0.25,0.13
31-Aug-2020,0.25,0.13
01-Sep-2020,0.25,0.13
02-Sep-2020,0.25,0.13
03-Sep-2020,0.25,0.13
04-Sep-2020,0.25,0.13
07-Sep-2020,0.25,0.13
08-Sep-2020,0.25,0.13
09-Sep-2020,0.25,0.13
10-Sep-2020,0.25,0.13
11-Sep-2020,0.25,0.13
14-Sep-2020,0.25,0.13
15-Sep-2020,0.25,0.13
16-Sep-2020,0.25,0.13
17-Sep-2020,0.25,0.13
18-Sep-2020,0.25,0.13
21-Sep-2020,0.25,0.13
22-Sep-2020,0.25,0.13
23-Sep-2020,0.25,0.13
24-Sep-2020,0.25,0.13
25-Sep-2020,0.25,0.13
28-Sep-2020,0.25,0.13
29-Sep-2020,0.25,0.13
30-Sep-2020,0.25,0.13
01-Oct-2020,0.25,0.13
02-Oct-2020,0.25,0.13
05-Oct-2020,0.25,0.13
06-Oct-2020,0.25,0.13
07-Oct-2020,0.25,0.13
08-Oct-2020,0.25,0.13
09-Oct-2020,0.25,0.13
12-Oct-2020,0.25,0.13
13-Oct-2020,0.25,0.13
14-Oct-2020,0.25,0.13
15-Oct-2020,0.25,0.13
16-Oct-2020,0.25,0.13
19-Oct-2020,0.25,0.13
20-Oct-2020,0.25,0.13
21-Oct-2020,0.25,0.13
22-Oct-2020,0.25,0.13
23-Oct-2020,0.25,0.13
26-Oct-2020,0.25,0.13
27-Oct-2020,0.25,0.13
28-Oct-2020,0.25,0.13
29-Oct-2020,0.25,0.13
30-Oct-2020,0.25,0.13
02-Nov-2020,0.25,0.13
03-Nov-2020,0.25,0.13
04-Nov-2020,0.10,0.04
05-Nov-2020,0.10,0.04
06-Nov-2020,0.10,0.04
09-Nov-2020,0.10,0.05
10-Nov-2020,0.10,0.05
11-Nov-2020,0.10,0.05
12-Nov-2020,0.10,0.05
13-Nov-2020,0.10,0.05
16-Nov-2020,0.10,0.05
17-Nov-2020,0.10,0.05
18-Nov-2020,0.10,0.05
19-Nov-2020,0.10,0.05
20-Nov-2020,0.10,0.05
23-Nov-2020,0.10,0.05
24-Nov-2020,0.10,0.05
25-Nov-2020,0.10,0.05
26-Nov-2020,0.10,0.05
27-Nov-2020,0.10,0.05
30-Nov-2020,0.10,0.05
01-Dec-2020,0.10,0.05
02-Dec-2020,0.10,0.04
03-Dec-2020,0.10,0.04
04-Dec-2020,0.10,0.04
07-Dec-2020,0.10,0.04
08-Dec-2020,0.10,0.04
09-Dec-2020,0.10,0.04
10-Dec-2020,0.10,0.04
11-Dec-2020,0.10,0.04
14-Dec-2020,0.10,0.04
15-Dec-2020,0.10,0.04
16-Dec-2020,0.10,0.04
17-Dec-2020,0.10,0.04
18-Dec-2020,0.10,0.04
21-Dec-2020,0.10,0.04
22-Dec-2020,0.10,0.04
23-Dec-2020,0.10,0.04
24-Dec-2020,0.10,0.04
29-Dec-2020,0.10,0.04
30-Dec-2020,0.10,0.04
31-Dec-2020,0.10,0.04
04-Jan-2021,0.10,0.04
05-Jan-2021,0.10,0.04
06-Jan-2021,0.10,0.03
07-Jan-2021,0.10,0.03
08-Jan-2021,0.10,0.03
11-Jan-2021,0.10,0.03
12-Jan-2021,0.10,0.03
13-Jan-2021,0.10,0.03
14-Jan-2021,0.10,0.03
15-Jan-2021,0.10,0.03
18-Jan-2021,0.10,0.03
19-Jan-2021,0.10,0.03
20-Jan-2021,0.10,0.03
21-Jan-2021,0.10,0.03
22-Jan-2021,0.10,0.03
25-Jan-2021,0.10,0.03
27-Jan-2021,0.10,0.03
28-Jan-2021,0.10,0.03
29-Jan-2021,0.10,0.03
01-Feb-2021,0.10,0.03
02-Feb-2021,0.10,0.03
03-Feb-2021,0.10,0.03
04-Feb-2021,0.10,0.03
05-Feb-2021,0.10,0.03
08-Feb-2021,0.10,0.03
09-Feb-2021,0.10,0.03
10-Feb-2021,0.10,0.03
11-Feb-2021,0.10,0.03
12-Feb-2021,0.10,0.03
15-Feb-2021,0.10,0.03
16-Feb-2021,0.10,0.03
17-Feb-2021,0.10,0.03
18-Feb-2021,0.10,0.03
19-Feb-2021,0.10,0.03
22-Feb-2021,0.10,0.03
23-Feb-2021,0.10,0.03
24-Feb-2021,0.10,0.03
25-Feb-2021,0.10,0.03
26-Feb-2021,0.10,0.03
01-Mar-2021,0.10,0.03
02-Mar-2021,0.10,0.03
03-Mar-2021,0.10,0.03
04-Mar-2021,0.10,0.03
05-Mar-2021,0.10,0.03
08-Mar-2021,0.10,0.03
09-Mar-2021,0.10,0.03
10-Mar-2021,0.10,0.03
11-Mar-2021,0.10,0.03
12-Mar-2021,0.10,0.03
15-Mar-2021,0.10,0.03
16-Mar-2021,0.10,0.03
17-Mar-2021,0.10,0.03
18-Mar-2021,0.10,0.03
19-Mar-2021,0.10,0.03
22-Mar-2021,0.10,0.03
23-Mar-2021,0.10,0.03
24-Mar-2021,0.10,0.03
25-Mar-2021,0.10,0.03
26-Mar-2021,0.10,0.03
29-Mar-2021,0.10,0.03
30-Mar-2021,0.10,0.03
31-Mar-2021,0.10,0.03
01-Apr-2021,0.10,0.03
06-Apr-2021,0.10,0.03
07-Apr-2021,0.10,0.03
08-Apr-2021,0.10,0.03
09-Apr-2021,0.10,0.03
12-Apr-2021,0.10,0.03
13-Apr-2021,0.10,0.03
14-Apr-2021,0.10,0.03
15-Apr-2021,0.10,0.03
16-Apr-2021,0.10,0.03
19-Apr-2021,0.10,0.03
20-Apr-2021,0.10,0.03
21-Apr-2021,0.10,0.03
22-Apr-2021,0.10,0.03
23-Apr-2021,0.10,0.03
26-Apr-2021,0.10,0.03
27-Apr-2021,0.10,0.03
28-Apr-2021,0.10,0.03
29-Apr-2021,0.10,0.03
30-Apr-2021,0.10,0.03
03-May-2021,0.10,0.03
04-May-2021,0.10,0.03
05-May-2021,0.10,0.03
06-May-2021,0.10,0.03
07-May-2021,0.10,0.03
10-May-2021,0.10,0.03
11-May-2021,0.10,0.03
12-May-2021,0.10,0.03
13-May-2021,0.10,0.03
14-May-2021,0.10,0.03
17-May-2021,0.10,0.03
18-May-2021,0.10,0.03
19-May-2021,0.10,0.03
20-May-2021,0.10,0.03
21-May-2021,0.10,0.03
24-May-2021,0.10,0.03
25-May-2021,0.10,0.03
26-May-2021,0.10,0.03
27-May-2021,0.10,0.03
28-May-2021,0.10,0.03
31-May-2021,0.10,0.03
01-Jun-2021,0.10,0.03
02-Jun-2021,0.10,0.03
03-Jun-2021,0.10,0.03
04-Jun-2021,0.10,0.03
07-Jun-2021,0.10,0.03
08-Jun-2021,0.10,0.03
09-Jun-2021,0.10,0.03
10-Jun-2021,0.10,0.03
11-Jun-2021,0.10,0.03
15-Jun-2021,0.10,0.03
16-Jun-2021,0.10,0.03
17-Jun-2021,0.10,0.03
18-Jun-2021,0.10,0.03
21-Jun-2021,0.10,0.03
22-Jun-2021,0.10,0.03
23-Jun-2021,0.10,0.03
24-Jun-2021,0.10,0.03
25-Jun-2021,0.10,0.03
28-Jun-2021,0.10,0.03
29-Jun-2021,0.10,0.03
30-Jun-2021,0.10,0.03
01-Jul-2021,0.10,0.03
02-Jul-2021,0.10,0.03
05-Jul-2021,0.10,0.03
06-Jul-2021,0.10,0.03
07-Jul-2021,0.10,0.03
08-Jul-2021,0.10,0.03
09-Jul-2021,0.10,0.03
12-Jul-2021,0.10,0.03
13-Jul-2021,0.10,0.03
14-Jul-2021,0.10,0.03
15-Jul-2021,0.10,0.03
16-Jul-2021,0.10,0.03
19-Jul-2021,0.10,0.03
20-Jul-2021,0.10,0.03
21-Jul-2021,0.10,0.03
22-Jul-2021,0.10,0.03
23-Jul-2021,0.10,0.03
26-Jul-2021,0.10,0.03
27-Jul-2021,0.10,0.03
28-Jul-2021,0.10,0.03
29-Jul-2021,0.10,0.03
30-Jul-2021,0.10,0.03
02-Aug-2021,0.10,0.03
03-Aug-2021,0.10,0.03
04-Aug-2021,0.10,0.03
05-Aug-2021,0.10,0.03
06-Aug-2021,0.10,0.03
09-Aug-2021,0.10,0.03
10-Aug-2021,0.10,0.03
11-Aug-2021,0.10,0.03
12-Aug-2021,0.10,0.03
13-Aug-2021,0.10,0.03
16-Aug-2021,0.10,0.03
17-Aug-2021,0.10,0.03
18-Aug-2021,0.10,0.03
19-Aug-2021,0.10,0.03
20-Aug-2021,0.10,0.03
23-Aug-2021,0.10,0.03
24-Aug-2021,0.10,0.03
25-Aug-2021,0.10,0.03
26-Aug-2021,0.10,0.03
27-Aug-2021,0.10,0.03
30-Aug-2021,0.10,0.03
31-Aug-2021,0.10,0.03
01-Sep-2021,0.10,0.03
02-Sep-2021,0.10,0.03
03-Sep-2021,0.10,0.03
06-Sep-2021,0.10,0.03
07-Sep-2021,0.10,0.03
08-Sep-2021,0.10,0.03
09-Sep-2021,0.10,0.03
10-Sep-2021,0.10,0.03
13-Sep-2021,0.10,0.03
14-Sep-2021,0.10,0.03
15-Sep-2021,0.10,0.03
16-Sep-2021,0.10,0.03
17-Sep-2021,0.10,0.03
20-Sep-2021,0.10,0.03
21-Sep-2021,0.10,0.03
22-Sep-2021,0.10,0.03
23-Sep-2021,0.10,0.03
24-Sep-2021,0.10,0.03
27-Sep-2021,0.10,0.03
28-Sep-2021,0.10,0.03
29-Sep-2021,0.10,0.03
30-Sep-2021,0.10,0.03
01-Oct-2021,0.10,0.03
04-Oct-2021,0.10,0.03
05-Oct-2021,0.10,0.03
06-Oct-2021,0.10,0.03
07-Oct-2021,0.10,0.03
08-Oct-2021,0.10,0.03
11-Oct-2021,0.10,0.03
12-Oct-2021,0.10,0.03
13-Oct-2021,0.10,0.03
14-Oct-2021,0.10,0.03
15-Oct-2021,0.10,0.03
18-Oct-2021,0.10,0.03
19-Oct-2021,0.10,0.03
20-Oct-2021,0.10,0.03
21-Oct-2021,0.10,0.03
22-Oct-2021,0.10,0.03
25-Oct-2021,0.10,0.03
26-Oct-2021,0.10,0.03
27-Oct-2021,0.10,0.03
28-Oct-2021,0.10,0.03
29-Oct-2021,0.10,0.03
01-Nov-2021,0.10,0.03
02-Nov-2021,0.10,0.03
03-Nov-2021,0.10,0.03
04-Nov-2021,0.10,0.03
05-Nov-2021,0.10,0.03
08-Nov-2021,0.10,0.03
09-Nov-2021,0.10,0.03
10-Nov-2021,0.10,0.03
11-Nov-2021,0.10,0.03
12-Nov-2021,0.10,0.04
15-Nov-2021,0.10,0.04
16-Nov-2021,0.10,0.04
17-Nov-2021,0.10,0.04
18-Nov-2021,0.10,0.04
19-Nov-2021,0.10,0.04
22-Nov-2021,0.10,0.04
23-Nov-2021,0.10,0.04
24-Nov-2021,0.10,0.04
25-Nov-2021,0.10,0.04
26-Nov-2021,0.10,0.04
29-Nov-2021,0.10,0.04
30-Nov-2021,0.10,0.04
01-Dec-2021,0.10,0.04
02-Dec-2021,0.10,0.04
03-Dec-2021,0.10,0.04
06-Dec-2021,0.10,0.04
07-Dec-2021,0.10,0.04
08-Dec-2021,0.10,0.04
09-Dec-2021,0.10,0.04
10-Dec-2021,0.10,0.04
13-Dec-2021,0.10,0.04
14-Dec-2021,0.10,0.04
15-Dec-2021,0.10,0.04
16-Dec-2021,0.10,0.04
17-Dec-2021,0.10,0.04
20-Dec-2021,0.10,0.04
21-Dec-2021,0.10,0.04
22-Dec-2021,0.10,0.04
23-Dec-2021,0.10,0.04
24-Dec-2021,0.10,0.04
29-Dec-2021,0.10,0.04
30-Dec-2021,0.10,0.04
31-Dec-2021,0.10,0.04
04-Jan-2022,0.10,0.04
05-Jan-2022,0.10,0.04
06-Jan-2022,0.10,0.04
07-Jan-2022,0.10,0.04
10-Jan-2022,0.10,0.04
11-Jan-2022,0.10,0.04
12-Jan-2022,0.10,0.04
13-Jan-2022,0.10,0.05
14-Jan-2022,0.10,0.05
17-Jan-2022,0.10,0.05
18-Jan-2022,0.10,0.05
19-Jan-2022,0.10,0.05
20-Jan-2022,0.10,0.05
21-Jan-2022,0.10,0.05
24-Jan-2022,0.10,0.05
25-Jan-2022,0.10,0.05
27-Jan-2022,0.10,0.05
28-Jan-2022,0.10,0.05
31-Jan-2022,0.10,0.05
01-Feb-2022,0.10,0.05
02-Feb-2022,0.10,0.05
03-Feb-2022,0.10,0.05
04-Feb-2022,0.10,0.05
07-Feb-2022,0.10,0.05
08-Feb-2022,0.10,0.05
09-Feb-2022,0.10,0.05
10-Feb-2022,0.10,0.05
11-Feb-2022,0.10,0.05
14-Feb-2022,0.10,0.05
15-Feb-2022,0.10,0.05
16-Feb-2022,0.10,0.05
17-Feb-2022,0.10,0.05
18-Feb-2022,0.10,0.05
21-Feb-2022,0.10,0.05
22-Feb-2022,0.10,0.05
23-Feb-2022,0.10,0.05
24-Feb-2022,0.10,0.05
25-Feb-2022,0.10,0.05
28-Feb-2022,0.10,0.05
01-Mar-2022,0.10,0.05
02-Mar-2022,0.10,0.05
03-Mar-2022,0.10,0.05
04-Mar-2022,0.10,0.05
07-Mar-2022,0.10,0.05
08-Mar-2022,0.10,0.05
09-Mar-2022,0.10,0.05
10-Mar-2022,0.10,0.05
11-Mar-2022,0.10,0.05
14-Mar-2022,0.10,0.05
15-Mar-2022,0.10,0.05
16-Mar-2022,0.10,0.05
17-Mar-2022,0.10,0.05
18-Mar-2022,0.10,0.05
21-Mar-2022,0.10,0.05
22-Mar-2022,0.10,0.05
23-Mar-2022,0.10,0.05
24-Mar-2022,0.10,0.05
25-Mar-2022,0.10,0.05
28-Mar-2022,0.10,0.05
29-Mar-2022,0.10,0.05
30-Mar-2022,0.10,0.05
31-Mar-2022,0.10,0.09
01-Apr-2022,0.10,0.07
04-Apr-2022,0.10,0.06
05-Apr-2022,0.10,0.06
06-Apr-2022,0.10,0.06
07-Apr-2022,0.10,0.06
08-Apr-2022,0.10,0.06
11-Apr-2022,0.10,0.06
12-Apr-2022,0.10,0.06
13-Apr-2022,0.10,0.06
14-Apr-2022,0.10,0.06
19-Apr-2022,0.10,0.06
20-Apr-2022,0.10,0.06
21-Apr-2022,0.10,0.06
22-Apr-2022,0.10,0.06
26-Apr-2022,0.10,0.06
27-Apr-2022,0.10,0.06
28-Apr-2022,0.10,0.06
29-Apr-2022,0.10,0.06
02-May-2022,0.10,0.06
03-May-2022,0.10,0.07
04-May-2022,0.35,0.31
05-May-2022,0.35,0.31
06-May-2022,0.35,0.31
09-May-2022,0.35,0.31
10-May-2022,0.35,0.31
11-May-2022,0.35,0.31
12-May-2022,0.35,0.31
13-May-2022,0.35,0.31
16-May-2022,0.35,0.31
17-May-2022,0.35,0.31
18-May-2022,0.35,0.31
19-May-2022,0.35,0.31
20-May-2022,0.35,0.31
23-May-2022,0.35,0.31
24-May-2022,0.35,0.31
25-May-2022,0.35,0.31
26-May-2022,0.35,0.31
27-May-2022,0.35,0.31
30-May-2022,0.35,0.31
31-May-2022,0.35,0.31
01-Jun-2022,0.35,0.31
02-Jun-2022,0.35,0.31
03-Jun-2022,0.35,0.31
06-Jun-2022,0.35,0.31
07-Jun-2022,0.35,0.31
08-Jun-2022,0.85,0.81
09-Jun-2022,0.85,0.82
10-Jun-2022,0.85,0.81
14-Jun-2022,0.85,0.81
15-Jun-2022,0.85,0.81
16-Jun-2022,0.85,0.81
17-Jun-2022,0.85,0.81
20-Jun-2022,0.85,0.81
21-Jun-2022,0.85,0.81
22-Jun-2022,0.85,0.81
23-Jun-2022,0.85,0.81
24-Jun-2022,0.85,0.81
27-Jun-2022,0.85,0.81
28-Jun-2022,0.85,0.81
29-Jun-2022,0.85,0.81
30-Jun-2022,0.85,0.81
01-Jul-2022,0.85,0.81
04-Jul-2022,0.85,0.81
05-Jul-2022,0.85,0.81
06-Jul-2022,1.35,1.31
07-Jul-2022,1.35,1.31
08-Jul-2022,1.35,1.31
11-Jul-2022,1.35,1.31
12-Jul-2022,1.35,1.31
13-Jul-2022,1.35,1.31
14-Jul-2022,1.35,1.31
15-Jul-2022,1.35,1.31
18-Jul-2022,1.35,1.31
19-Jul-2022,1.35,1.31
20-Jul-2022,1.35,1.31
21-Jul-2022,1.35,1.31
22-Jul-2022,1.35,1.31
25-Jul-2022,1.35,1.31
26-Jul-2022,1.35,1.31
27-Jul-2022,1.35,1.31
28-Jul-2022,1.35,1.31
29-Jul-2022,1.35,1.31
01-Aug-2022,1.35,1.31
02-Aug-2022,1.35,1.31
03-Aug-2022,1.85,1.81
04-Aug-2022,1.85,1.81
05-Aug-2022,1.85,1.81
08-Aug-2022,1.85,1.81
09-Aug-2022,1.85,1.81
10-Aug-2022,1.85,1.81
11-Aug-2022,1.85,1.81
12-Aug-2022,1.85,1.81
15-Aug-2022,1.85,1.81
16-Aug-2022,1.85,1.81
17-Aug-2022,1.85,1.81
18-Aug-2022,1.85,1.81
19-Aug-2022,1.85,1.81
22-Aug-2022,1.85,1.81
23-Aug-2022,1.85,1.81
24-Aug-2022,1.85,1.81
25-Aug-2022,1.85,1.81
26-Aug-2022,1.85,1.81
29-Aug-2022,1.85,1.81
30-Aug-2022,1.85,1.81
31-Aug-2022,1.85,1.81
01-Sep-2022,1.85,1.81
02-Sep-2022,1.85,1.81
05-Sep-2022,1.85,1.81
06-Sep-2022,1.85,1.81
07-Sep-2022,2.35,2.31
08-Sep-2022,2.35,2.31
09-Sep-2022,2.35,2.31
12-Sep-2022,2.35,2.31
13-Sep-2022,2.35,2.31
14-Sep-2022,2.35,2.31
15-Sep-2022,2.35,2.31
16-Sep-2022,2.35,2.31
19-Sep-2022,2.35,2.31
20-Sep-2022,2.35,2.31
21-Sep-2022,2.35,2.31
23-Sep-2022,2.35,2.31
26-Sep-2022,2.35,2.31
27-Sep-2022,2.35,2.31
28-Sep-2022,2.35,2.31
29-Sep-2022,2.35,2.31
30-Sep-2022,2.35,2.31
03-Oct-2022,2.35,2.31
04-Oct-2022,2.35,2.31
05-Oct-2022,2.60,2.56
06-Oct-2022,2.60,2.56
07-Oct-2022,2.60,2.56
10-Oct-2022,2.60,2.56
11-Oct-2022,2.60,2.56
12-Oct-2022,2.60,2.56
13-Oct-2022,2.60,2.56
14-Oct-2022,2.60,2.56
17-Oct-2022,2.60,2.56
18-Oct-2022,2.60,2.56
19-Oct-2022,2.60,2.56
20-Oct-2022,2.60,2.56
21-Oct-2022,2.60,2.56
24-Oct-2022,2.60,2.56
25-Oct-2022,2.60,2.56
26-Oct-2022,2.60,2.56
27-Oct-2022,2.60,2.56
28-Oct-2022,2.60,2.56
31-Oct-2022,2.60,2.56
01-Nov-2022,2.60,2.56
02-Nov-2022,2.85,2.81
03-Nov-2022,2.85,2.81
04-Nov-2022,2.85,2.81
07-Nov-2022,2.85,2.81
08-Nov-2022,2.85,2.81
09-Nov-2022,2.85,2.81
10-Nov-2022,2.85,2.81
11-Nov-2022,2.85,2.81
14-Nov-2022,2.85,2.81
15-Nov-2022,2.85,2.81
16-Nov-2022,2.85,2.81
17-Nov-2022,2.85,2.81
18-Nov-2022,2.85,2.81
21-Nov-2022,2.85,2.81
22-Nov-2022,2.85,2.81
23-Nov-2022,2.85,2.81
24-Nov-2022,2.85,2.81
25-Nov-2022,2.85,2.81
28-Nov-2022,2.85,2.81
29-Nov-2022,2.85,2.81
30-Nov-2022,2.85,2.82
01-Dec-2022,2.85,2.81
02-Dec-2022,2.85,2.82
05-Dec-2022,2.85,2.81
06-Dec-2022,2.85,2.81
07-Dec-2022,3.10,3.06
08-Dec-2022,3.10,3.06
09-Dec-2022,3.10,3.06
12-Dec-2022,3.10,3.06
13-Dec-2022,3.10,3.06
14-Dec-2022,3.10,3.06
15-Dec-2022,3.10,3.06
16-Dec-2022,3.10,3.06
19-Dec-2022,3.10,3.06
20-Dec-2022,3.10,3.06
21-Dec-2022,3.10,3.06
22-Dec-2022,3.10,3.06
23-Dec-2022,3.10,3.06
28-Dec-2022,3.10,3.06
29-Dec-2022,3.10,3.06
30-Dec-2022,3.10,3.07
03-Jan-2023,3.10,3.07
04-Jan-2023,3.10,3.07
05-Jan-2023,3.10,3.07
06-Jan-2023,3.10,3.07
09-Jan-2023,3.10,3.07
10-Jan-2023,3.10,3.07
11-Jan-2023,3.10,3.07
12-Jan-2023,3.10,3.07
13-Jan-2023,3.10,3.07
16-Jan-2023,3.10,3.07
17-Jan-2023,3.10,3.07
18-Jan-2023,3.10,3.07
19-Jan-2023,3.10,3.07
20-Jan-2023,3.10,3.07
23-Jan-2023,3.10,3.07
24-Jan-2023,3.10,3.07
25-Jan-2023,3.10,3.07
27-Jan-2023,3.10,3.07
30-Jan-2023,3.10,3.07
31-Jan-2023,3.10,3.07
01-Feb-2023,3.10,3.07
02-Feb-2023,3.10,3.07
03-Feb-2023,3.10,3.07
06-Feb-2023,3.10,3.07
07-Feb-2023,3.10,3.07
08-Feb-2023,3.35,3.32
09-Feb-2023,3.35,3.32
10-Feb-2023,3.35,3.32
13-Feb-2023,3.35,3.32
14-Feb-2023,3.35,3.32
15-Feb-2023,3.35,3.32
16-Feb-2023,3.35,3.32
17-Feb-2023,3.35,3.32
20-Feb-2023,3.35,3.32
21-Feb-2023,3.35,3.32
22-Feb-2023,3.35,3.33
23-Feb-2023,3.35,3.32
24-Feb-2023,3.35,3.32
27-Feb-2023,3.35,3.32
28-Feb-2023,3.35,3.32
01-Mar-2023,3.35,3.32
02-Mar-2023,3.35,3.32
03-Mar-2023,3.35,3.32
06-Mar-2023,3.35,3.32
07-Mar-2023,3.35,3.32
08-Mar-2023,3.60,3.57
09-Mar-2023,3.60,3.57
10-Mar-2023,3.60,3.57
13-Mar-2023,3.60,3.57
14-Mar-2023,3.60,3.57
15-Mar-2023,3.60,3.57
16-Mar-2023,3.60,3.57
17-Mar-2023,3.60,3.57
20-Mar-2023,3.60,3.57
21-Mar-2023,3.60,3.57
22-Mar-2023,3.60,3.57
23-Mar-2023,3.60,3.57
24-Mar-2023,3.60,3.57
27-Mar-2023,3.60,3.57
28-Mar-2023,3.60,3.57
29-Mar-2023,3.60,3.57
30-Mar-2023,3.60,3.57
31-Mar-2023,3.60,3.57
03-Apr-2023,3.60,3.57
04-Apr-2023,3.60,3.57
05-Apr-2023,3.60,3.57
06-Apr-2023,3.60,3.57
11-Apr-2023,3.60,3.57
12-Apr-2023,3.60,3.57
13-Apr-2023,3.60,3.57
14-Apr-2023,3.60,3.57
17-Apr-2023,3.60,3.57
18-Apr-2023,3.60,3.57
19-Apr-2023,3.60,3.57
20-Apr-2023,3.60,3.57
21-Apr-2023,3.60,3.57
24-Apr-2023,3.60,3.57
26-Apr-2023,3.60,3.57
27-Apr-2023,3.60,3.57
28-Apr-2023,3.60,3.57
01-May-2023,3.60,3.57
02-May-2023,3.60,3.57
03-May-2023,3.85,3.82
04-May-2023,3.85,3.82
05-May-2023,3.85,3.82
08-May-2023,3.85,3.82
09-May-2023,3.85,3.82
10-May-2023,3.85,3.82
11-May-2023,3.85,3.82
12-May-2023,3.85,3.82
15-May-2023,3.85,3.82
16-May-2023,3.85,3.82
17-May-2023,3.85,3.82
18-May-2023,3.85,3.82
19-May-2023,3.85,3.82
22-May-2023,3.85,3.82
23-May-2023,3.85,3.82
24-May-2023,3.85,3.82
25-May-2023,3.85,3.82
26-May-2023,3.85,3.82
29-May-2023,3.85,3.82
30-May-2023,3.85,3.82
31-May-2023,3.85,3.82
01-Jun-2023,3.85,3.82
02-Jun-2023,3.85,3.82
05-Jun-2023,3.85,3.82
06-Jun-2023,3.85,3.82
07-Jun-2023,4.10,4.07
08-Jun-2023,4.10,4.07
09-Jun-2023,4.10,4.07
13-Jun-2023,4.10,4.07
14-Jun-2023,4.10,4.07
15-Jun-2023,4.10,4.07
16-Jun-2023,4.10,4.07
19-Jun-2023,4.10,4.07
20-Jun-2023,4.10,4.07
21-Jun-2023,4.10,4.07
22-Jun-2023,4.10,4.07
23-Jun-2023,4.10,4.07
26-Jun-2023,4.10,4.07
27-Jun-2023,4.10,4.07
28-Jun-2023,4.10,4.07
29-Jun-2023,4.10,4.07
30-Jun-2023,4.10,4.07
03-Jul-2023,4.10,4.07
04-Jul-2023,4.10,4.07
05-Jul-2023,4.10,4.07
06-Jul-2023,4.10,4.07
07-Jul-2023,4.10,4.07
10-Jul-2023,4.10,4.07
11-Jul-2023,4.10,4.07
12-Jul-2023,4.10,4.07
13-Jul-2023,4.10,4.07
14-Jul-2023,4.10,4.07
17-Jul-2023,4.10,4.07
18-Jul-2023,4.10,4.07
19-Jul-2023,4.10,4.07
20-Jul-2023,4.10,4.07
21-Jul-2023,4.10,4.07
24-Jul-2023,4.10,4.07
25-Jul-2023,4.10,4.07
26-Jul-2023,4.10,4.07
27-Jul-2023,4.10,4.07
28-Jul-2023,4.10,4.07
31-Jul-2023,4.10,4.07
01-Aug-2023,4.10,4.07
02-Aug-2023,4.10,4.07
03-Aug-2023,4.10,4.07
04-Aug-2023,4.10,4.07
07-Aug-2023,4.10,4.07
08-Aug-2023,4.10,4.07
09-Aug-2023,4.10,4.07
10-Aug-2023,4.10,4.07
11-Aug-2023,4.10,4.07
14-Aug-2023,4.10,4.07
15-Aug-2023,4.10,4.07
16-Aug-2023,4.10,4.07
17-Aug-2023,4.10,4.07
18-Aug-2023,4.10,4.07
21-Aug-2023,4.10,4.07
22-Aug-2023,4.10,4.07
23-Aug-2023,4.10,4.07
24-Aug-2023,4.10,4.07
25-Aug-2023,4.10,4.07
28-Aug-2023,4.10,4.07
29-Aug-2023,4.10,4.07
30-Aug-2023,4.10,4.07
31-Aug-2023,4.10,4.07
01-Sep-2023,4.10,4.07
04-Sep-2023,4.10,4.07
05-Sep-2023,4.10,4.07
06-Sep-2023,4.10,4.07
07-Sep-2023,4.10,4.07
08-Sep-2023,4.10,4.07
11-Sep-2023,4.10,4.07
12-Sep-2023,4.10,4.07
13-Sep-2023,4.10,4.07
14-Sep-2023,4.10,4.07
15-Sep-2023,4.10,4.07