Date,Minimum temperature (C),Maximum temperature (C),Rainfall (mm),Direction of maximum wind gust ,Speed of maximum wind gust (km/h),Time of maximum wind gust,9am Temperature (C),9am relative humidity (%),9am cloud amount (oktas),9am wind direction,9am wind speed (km/h),9am MSL pressure (hPa),3pm Temperature (C),3pm relative humidity (%),3pm cloud amount (oktas),3pm wind direction,3pm wind speed (km/h),3pm MSL pressure (hPa)
1/8/22,5.3,20.4,0,W,33,14:25,13.6,70,8,N,11,1016.3,20,30,0,WNW,13,1014.6
2/8/22,5.1,19.7,0,NNW,19,10:22,11.1,61,0,N,9,1021.2,19.5,31,0,NNW,6,1016.7
3/8/22,6.1,24,0,N,43,13:58,9.7,82,7,NA,0,1016.2,23.4,41,0,N,17,1009.8
4/8/22,9.7,21.4,0,N,48,18:18,19.7,62,8,N,17,1009.5,21.2,57,8,NNW,15,1004.2
5/8/22,13.8,22.8,2,WNW,52,14:29,15.5,82,8,NA,0,1005.8,22.7,29,0,WNW,20,1001.7
6/8/22,11.5,19.5,0,WNW,43,14:43,16.5,47,0,WNW,15,1008.8,19.1,33,1,WNW,24,1007.8
7/8/22,6.4,18.8,0,WSW,31,10:24,12.8,62,0,NA,0,1015.8,13.9,71,8,S,19,1015.4
8/8/22,7.1,18.4,0,SSE,31,16:08,11.3,67,0,SW,17,1023,16.6,54,0,SSE,19,1020.7
9/8/22,4.7,17.4,0,S,33,14:37,10.5,72,8,SW,9,1025.1,15.7,55,1,SSW,19,1023.6
10/8/22,7.7,17.8,4.8,ESE,31,15:54,11.1,74,2,WSW,11,1029.2,16.2,62,1,ESE,13,1026.8
11/8/22,6.2,17.2,0,NNW,24,14:56,9.7,95,8,NA,0,1025.6,16.1,57,8,N,15,1020.2
12/8/22,9.7,17,0.2,N,26,9:06,15.2,64,8,N,13,1018.4,16.4,66,8,N,11,1015.5
13/8/22,10.8,19.2,1.6,WNW,35,15:55,12.5,82,8,WNW,9,1013.2,18.5,45,5,WSW,11,1009.4
14/8/22,7.5,18,0.2,NW,43,11:08,13.3,58,3,NW,9,1009.4,17,41,0,WNW,24,1006.3
15/8/22,7.7,18.3,0,WNW,41,13:53,13.2,54,7,NNW,11,1009.4,16.7,44,6,WNW,19,1007
16/8/22,4,18.8,0,W,35,13:38,12.6,67,0,NW,9,1010.1,18.2,36,2,W,17,1009.5
17/8/22,5.3,20.5,0,WSW,26,10:19,12.9,60,5,WSW,13,1020.2,19.1,46,1,ENE,13,1017.5
18/8/22,5.4,20.7,0,N,17,12:32,10.5,84,7,NNW,6,1016.3,19.8,42,2,NNW,9,1011.8
19/8/22,10.3,20.3,0,WSW,46,15:43,16.2,57,7,W,9,1012.2,17,58,8,WSW,13,1011.6
20/8/22,3.3,19.2,0,NW,31,9:39,13.4,51,0,NNW,11,1020.1,18.4,41,0,NNW,11,1017.9
21/8/22,9.7,19.3,0,E,28,16:54,12.8,53,0,WSW,9,1027.9,18.6,35,0,N,7,1024
22/8/22,3.6,22.3,0,WNW,43,15:23,10.6,76,0,NA,0,1021.2,21.1,30,0,WNW,24,1013.8
23/8/22,10.6,22.4,0,SSE,54,13:24,18.5,45,0,NNW,11,1009.6,9.7,89,0,SSW,19,1010.4
24/8/22,6.7,17.5,9.2,SW,35,9:38,10.9,50,0,SW,22,1021.3,17,33,0,SW,17,1018.9
25/8/22,5.7,18.5,0,W,30,11:10,13.7,57,0,WSW,13,1022,17.1,47,8,SSE,17,1021.6
26/8/22,7.6,18.5,0,SSE,37,14:14,13.8,63,0,WSW,13,1027.8,18.2,58,0,SSE,24,1026.3
27/8/22,9.4,18.1,2.2,ESE,28,16:13,12.7,87,0,WNW,9,1030.3,16.8,69,0,ESE,17,1027.5
28/8/22,7.3,21.1,3,ENE,30,16:13,12.4,91,0,NA,0,1030.2,19.2,56,0,E,17,1026.3
29/8/22,8.3,19.9,0,NNE,19,11:38,12.3,99,0,N,4,1026.4,19.2,66,0,ENE,15,1022.1
30/8/22,10.5,23.7,1,N,44,10:36,18.9,65,0,N,17,1016.5,22.8,52,0,N,22,1013.6
31/8/22,7.6,20.8,0,ESE,35,13:03,16.4,60,0,SW,13,1024.6,18.3,66,0,ESE,24,1023.1
1/9/22,12.2,22.4,0,ENE,30,15:13,15.5,85,0,WNW,6,1024.3,20.7,57,0,ENE,15,1019.6
2/9/22,11.5,17.7,0,SSE,44,14:57,14.8,83,0,WSW,7,1022.7,15.5,65,0,SSE,28,1021.6
3/9/22,10.6,15,1.2,SSE,41,12:29,11.2,92,0,SW,13,1024.7,13.3,77,0,SE,24,1024
4/9/22,9.9,18,11.4,SSE,48,11:04,13.4,87,0,SW,15,1025.9,15.4,68,0,SSW,20,1024.7
5/9/22,5.9,18.5,0.2,SSE,39,16:29,13.8,60,0,WSW,9,1024.4,16.6,51,0,SSE,20,1022
6/9/22,6.7,18.1,0.2,ESE,37,12:59,13.9,66,0,WSW,9,1025.9,16.2,59,8,SE,19,1023.6
7/9/22,7.1,19.4,0,NE,30,15:46,14.2,74,0,NNW,2,1026.2,18.6,52,1,E,17,1021.7
8/9/22,8.8,22.1,0,NNE,41,16:18,16,69,0,N,7,1021.6,20.5,55,5,NE,26,1015.9
9/9/22,14.2,21,3,NNW,28,12:20,14.7,90,8,N,7,1013.4,20.1,52,8,NW,7,1009.4
10/9/22,9.9,23.3,3.4,SW,37,15:08,16.2,70,8,WNW,7,1009.9,22.5,38,4,W,17,1006.7
11/9/22,8,22,0,W,31,0:39,15.5,46,3,WNW,17,1015.6,21.2,30,0,WNW,9,1012.2
12/9/22,5.9,21,0,WNW,41,9:00,14.4,43,0,W,24,1018.8,20.4,32,7,SSW,13,1015.9
13/9/22,8.5,17.2,0,SE,33,14:05,13.5,67,7,S,17,1026.4,16,46,0,SE,22,1025.5
14/9/22,6.5,19,0,ESE,30,14:03,14.1,64,0,W,7,1029.1,17.5,49,7,ENE,15,1023.6
15/9/22,9.1,17.3,0.2,N,28,12:56,13,80,7,WNW,9,1018.2,13.6,90,8,N,11,1012.1
16/9/22,10,24.2,19,WNW,37,16:07,17.1,71,0,NW,11,1005.5,23.9,27,1,WNW,17,1003.1
17/9/22,11.9,22,0,W,50,16:40,19.4,46,0,NNW,13,1006.1,20.9,37,8,WNW,19,1003.6
18/9/22,9.2,23,0,WNW,41,12:38,17.4,41,0,WNW,11,1010.4,22.3,28,0,W,19,1008.2
19/9/22,7.6,22.5,0,WSW,33,10:05,15,66,0,WNW,7,1015,22.2,25,0,SW,15,1013.1
20/9/22,6.2,21.6,0,ENE,37,15:20,14.9,52,0,NNW,9,1023.7,20.5,48,3,ENE,19,1019.4
21/9/22,11.8,21.7,0,NE,30,10:23,17.9,74,8,W,2,1019.5,19.6,69,6,NE,19,1015.8
22/9/22,15.1,20.3,4.6,ENE,48,11:04,17,79,7,ENE,19,1018.9,18.6,62,8,NE,20,1017.4
23/9/22,14.6,19.7,5,NNE,39,14:05,16.7,87,8,NA,0,1018.1,18.6,74,7,ENE,15,1013.5
24/9/22,14.6,21.3,2,SE,35,13:19,18.8,80,8,WSW,4,1010.7,17.7,72,8,ESE,19,1009.5
25/9/22,9.1,22.6,5.2,ESE,31,15:31,13.3,89,0,NNW,6,1016.8,22.5,28,0,N,6,1013.2
26/9/22,9.7,21.2,0,ESE,26,14:47,14.6,67,8,W,9,1018.4,20,58,6,ESE,19,1014.7
27/9/22,11.5,22.7,0.2,NE,31,15:25,15.2,94,8,NW,4,1014.8,21.6,62,8,ENE,17,1010.7
28/9/22,13.2,22,13,SSE,33,15:25,17.2,75,0,SSW,9,1011.6,19.9,65,8,SE,24,1010.2
29/9/22,12.1,20.5,1,S,52,12:38,18.5,64,8,SSW,17,1017.5,17.1,79,8,S,20,1017.7
30/9/22,13.2,19.4,3.4,SSE,54,14:17,17,75,8,S,24,1025,18.2,66,8,SSE,30,1023.6
1/10/22,11.6,18.3,11.4,ESE,44,12:21,13.7,82,8,SSW,15,1024.7,16.2,57,8,SE,20,1021.2
2/10/22,9.5,18.6,1.4,ESE,37,13:32,12.2,79,8,WSW,11,1020.9,16.6,61,0,SE,30,1017.6
3/10/22,7.7,20.7,0,ENE,33,16:05,13.3,76,0,W,9,1023.3,19.7,40,0,NW,7,1020
4/10/22,8.5,24.6,0,SE,37,14:11,14.6,69,0,WSW,6,1022.6,22.6,46,8,SSE,24,1019.7
5/10/22,14.2,16.5,4.2,ENE,35,12:11,15.7,79,8,NNE,6,1027.9,16.1,83,8,ENE,15,1025.1
6/10/22,13.8,18.3,38,ENE,28,2:37,15.7,93,8,NE,13,1024,16.3,92,7,NE,13,1020.9
7/10/22,13.2,22.6,3.8,NNE,30,12:11,17.1,85,0,NNE,7,1016.9,20.5,70,8,N,15,1014.2
8/10/22,14.7,23.3,5.4,ESE,31,17:33,16.9,92,2,WNW,9,1015.3,19.1,87,8,SE,19,1013.9
9/10/22,10.6,17.2,56.6,SW,31,9:49,11.6,80,8,SW,13,1020.7,16.7,55,8,SSW,11,1020.5
10/10/22,9.9,17.3,0.2,ESE,30,14:02,13.6,78,7,S,9,1027.5,16.4,57,8,ESE,17,1025.5
11/10/22,11.9,19.2,0,ESE,30,10:55,15.1,80,8,NA,0,1025.9,18.8,55,8,ENE,19,1023.3
12/10/22,11.2,20,0,ENE,35,16:18,15.3,77,8,WSW,4,1024.1,18.9,65,8,NE,20,1022.2
13/10/22,12.2,21.7,0,NE,44,18:17,16.7,77,8,NA,0,1021.5,20.7,59,8,NE,22,1017
14/10/22,16,24.8,0.2,W,48,11:26,20.2,71,8,N,13,1007.7,23.3,29,2,WSW,20,1010.6
15/10/22,9.1,23.6,0.2,ESE,33,13:53,17.4,53,0,WSW,15,1019.4,22.5,41,0,E,22,1016.7
16/10/22,12.3,22.8,0,ESE,35,13:26,17.7,52,3,SW,9,1019.7,22,49,1,SE,22,1017
17/10/22,14.9,21.2,0,SE,35,9:30,16.9,72,8,SSE,24,1022.5,20.1,54,4,SE,24,1021.1
18/10/22,11.4,19.8,0,E,26,11:27,18.6,66,8,E,11,1022.2,18.9,75,8,ENE,9,1019.4
19/10/22,15.7,26.6,1.6,ESE,37,13:34,17.7,88,8,NW,7,1018.1,22.9,61,0,ESE,28,1015.8
20/10/22,15.8,23.2,0.2,ESE,28,12:57,20.1,85,8,SSE,13,1017.5,20.9,83,8,E,13,1015.1
21/10/22,18.8,23.7,1.4,ENE,31,14:00,20.6,84,8,NE,11,1015.3,21.6,80,7,ENE,20,1012.1
22/10/22,17.4,26.3,1.4,NE,41,15:52,20.6,75,1,NNE,13,1013.3,24.3,66,8,ENE,19,1010.1
23/10/22,18.8,22.2,0,N,35,12:28,20.1,81,8,E,9,1013.7,19.4,85,8,SSE,22,1012.9
24/10/22,16,20.7,13,ENE,43,1:34,18.2,98,8,SE,17,1012.7,19,94,8,SW,17,1007.1
25/10/22,17.2,27.6,23.2,NNW,52,15:00,18.7,92,8,NNW,9,1005.2,27.2,51,0,N,9,1001.3
26/10/22,14.9,28.6,8.2,NW,43,16:25,21.9,73,0,S,7,1001.9,27.3,37,8,WNW,15,999.8
27/10/22,13.9,28,0,WNW,44,15:40,23.1,49,8,WNW,19,1002.1,24.9,46,8,NNE,13,999.5
28/10/22,14.7,24.9,0.2,WNW,52,16:46,20.3,43,0,WNW,22,1003.1,24.5,26,0,W,26,1000.6
29/10/22,15.3,26.3,0,WNW,39,10:00,19.3,40,0,W,17,1005.1,25.6,27,0,NNW,9,1003.1
30/10/22,10.6,24.2,0,NE,33,13:19,18.3,45,0,SW,15,1011.4,22.8,40,0,ENE,24,1008.6
31/10/22,15.1,29.4,0,WNW,52,11:47,22.6,46,8,N,15,1002.5,25.4,61,8,NA,0,996.3
1/11/22,18.2,23.2,5.6,WNW,56,15:08,20.2,45,1,WNW,19,993.1,22.6,35,0,WNW,24,992.1
2/11/22,10.5,19.6,0,W,57,7:47,14.3,36,0,W,31,1002.7,18.8,30,1,WSW,24,1006
3/11/22,9.2,22.1,0,W,43,7:12,16.9,49,0,WSW,20,1014.9,19.3,43,4,SE,19,1016.5
4/11/22,11.7,20.3,0,ESE,30,14:55,17.1,65,8,NA,0,1026.8,19.1,57,8,E,19,1026.5
5/11/22,10.6,23.7,0,E,35,14:30,18.6,68,1,W,6,1029.7,21.2,53,8,NA,0,1026.5
6/11/22,10.8,25.5,0,ENE,37,15:46,18.8,66,0,W,9,1026.7,23.8,45,0,ENE,20,1022.7
7/11/22,12.1,25.1,0,ENE,39,14:23,19.2,70,7,N,4,1023.5,23.8,50,0,ENE,28,1020
8/11/22,14.7,24.8,0,ENE,35,15:44,19.9,62,8,NNE,9,1021.5,23.2,45,5,NE,19,1019.6
9/11/22,12.6,24.6,0,ENE,41,13:47,19.7,64,5,NNW,6,1023.1,23.5,40,0,ENE,22,1021.3
10/11/22,12.2,24,0.6,ENE,39,13:04,19,65,4,NA,0,1023,23.5,46,1,ENE,20,1018.6
11/11/22,12.3,27,0,ENE,30,12:58,19.4,56,0,N,7,1015.3,24.9,48,8,NE,15,1011
12/11/22,14.2,27.3,0,SE,37,13:05,22.1,62,0,NNW,7,1012.1,26,53,0,ESE,28,1010.6
13/11/22,17,27.4,0,N,48,15:51,20.8,79,4,WNW,7,1010.5,26.4,57,5,N,20,1004.5
14/11/22,18.2,27.7,32.4,W,59,12:20,21.7,59,0,WNW,11,1001.3,26.6,34,0,WNW,33,1000.8
15/11/22,13.2,24.2,0,SSE,31,13:27,20.6,52,0,S,11,1008.4,22.8,52,8,ESE,15,1005.5
16/11/22,9.9,20.4,0,W,52,12:39,16.1,42,0,WSW,19,1010.2,16.2,47,8,W,19,1009.6
17/11/22,8.5,20.4,5.2,SE,37,15:23,15.4,59,0,SW,17,1015.3,19.6,46,0,SE,24,1013.2
18/11/22,10.3,22,0.2,ESE,35,14:36,16.7,51,0,SSW,15,1016.5,20.8,48,6,SE,24,1013.4
19/11/22,10.5,25,0,ESE,37,12:48,18.8,63,5,NNE,11,1012.1,23.6,54,0,ENE,24,1005.2
20/11/22,17,26.7,1.2,WNW,72,11:04,24.9,37,0,WNW,26,996.1,25.9,23,0,WNW,28,998.9
21/11/22,17.3,23.3,0,WNW,69,8:54,22.2,31,0,WNW,24,1002.8,21.7,33,0,W,33,1002.9
22/11/22,10.8,22.8,0,WSW,52,8:00,14.8,36,0,WSW,24,1013.2,22.1,28,0,WSW,20,1011.3
23/11/22,12.6,27.7,0,W,46,9:38,19,47,0,WNW,17,1014.5,26.9,29,0,WSW,13,1012.3
24/11/22,13.1,26.3,0,SE,39,14:43,20.7,48,0,WSW,9,1018.5,24.3,43,0,SE,28,1016
25/11/22,14.7,26.6,0,SSE,39,14:58,20.9,64,0,N,6,1018.2,24.4,50,0,ESE,24,1014.7
26/11/22,16,23.5,0,ESE,37,14:32,20.1,59,8,S,13,1015.9,22.7,49,0,ESE,22,1011.9
27/11/22,15.8,30.3,0,W,33,18:30,19.1,68,8,NNW,4,1005,29.8,45,1,E,11,1000.6
28/11/22,17.1,23.8,12.2,SE,35,23:27,19.4,75,8,SSE,7,1006.9,21.6,62,8,ESE,24,1005.1
29/11/22,13.8,24.8,0,SE,50,14:02,20.3,39,0,SW,20,1011.7,22.6,44,0,SSE,30,1012.7
30/11/22,15.8,21.1,0,ENE,31,15:46,18.3,59,8,E,11,1019.3,19.8,54,8,ENE,17,1016.5
1/12/22,15.8,22.6,0,ESE,31,14:30,19.8,60,8,ESE,13,1016.9,21,48,6,ESE,19,1014.9
2/12/22,13.5,23.4,0,SE,37,12:47,19.4,64,8,SSE,15,1017.4,21.8,51,8,SE,19,1016.3
3/12/22,12.8,24.9,0,ENE,39,14:50,19.9,62,0,WNW,6,1019.3,23.7,49,3,ESE,20,1016.4
4/12/22,13.6,26.6,0,ENE,41,16:44,20.7,64,6,NNW,9,1017.4,25.3,42,0,ENE,20,1013.4
5/12/22,14.4,34.5,0,NNE,39,17:05,21.9,60,0,NNW,9,1009,34.3,28,0,WSW,9,1002.5
6/12/22,16.1,24.2,8.8,SE,44,14:26,20.5,65,0,SW,7,1007.5,23.4,46,0,ESE,28,1006.2
7/12/22,14.1,27.7,0,NW,33,13:53,20.9,62,0,NW,9,1006.1,27.2,19,7,WNW,24,1002.7
8/12/22,16.2,23.3,0,SE,43,13:46,20.4,32,0,SW,17,1006.2,21.4,43,1,SE,30,1006.4
9/12/22,11.7,21.3,0,SE,41,13:50,16.9,54,8,SW,7,1014.4,19.9,40,0,ESE,24,1013.1
10/12/22,14.9,22.7,0,E,33,15:07,18.6,54,6,SW,11,1019.2,21.5,47,4,ESE,15,1016.2
11/12/22,12.5,31,0,ENE,39,16:01,20.7,61,0,N,9,1013.1,29.4,38,0,ENE,20,1007.2
12/12/22,19.8,31,0,WNW,54,15:38,30.4,38,0,N,26,998.3,26.7,36,6,WNW,24,998.2
13/12/22,12.3,28.2,5,ESE,35,16:19,19.7,34,0,W,15,1010.3,27.1,22,0,W,13,1006
14/12/22,11.6,24.1,0,WSW,52,7:59,17.3,50,8,WSW,28,1008.7,23.4,20,2,WSW,22,1005.9
15/12/22,10,24.9,0,SSE,44,17:52,17.9,38,0,SW,20,1008.9,23.5,36,3,SSE,24,1007.5
16/12/22,11.8,22,0.6,S,54,17:09,16.6,51,8,SW,15,1014.8,20.2,41,8,SSE,26,1014.2
17/12/22,11.5,21.8,0,SSE,46,12:06,17.3,54,8,SSW,11,1020.2,20,48,8,SSE,28,1020.1
18/12/22,13.2,21.3,4.2,SSE,59,16:42,16.6,75,8,SSW,17,1022.9,20.3,46,8,S,28,1021.5
19/12/22,13.8,22.6,0.2,SSE,46,14:48,18.1,58,5,SSW,13,1024.4,20.1,52,8,SSE,28,1023.5
20/12/22,12.5,23.1,0,SE,39,15:24,17.3,58,8,SSW,13,1022.9,20.5,45,8,SE,26,1020.1
21/12/22,13.5,23.6,1,ESE,33,12:54,18.2,56,0,SSW,6,1019.6,22.8,40,0,ESE,22,1016.1
22/12/22,13,23.4,0,NNE,26,9:39,19.7,56,4,NNE,13,1016.3,21.9,52,8,ESE,13,1013.9
23/12/22,15.6,31.1,1,ESE,44,13:52,20.7,70,0,WNW,9,1012,27.7,47,1,ESE,33,1008.4
24/12/22,15.9,34.8,0,NE,39,15:28,24.3,54,0,SW,4,1010.1,31.5,35,1,ENE,24,1007.6
25/12/22,18.5,30.6,0,ESE,33,14:04,21.5,74,8,SSW,4,1016.3,29.9,52,0,ESE,20,1014.7
26/12/22,17,32.8,0,ENE,35,14:20,21.7,85,8,ESE,7,1021.5,32,31,0,ENE,24,1019.1
27/12/22,16.9,30.6,0,E,41,12:38,24.4,65,0,E,4,1023.3,30,43,0,ENE,20,1020.3
28/12/22,19.1,31.1,0,ENE,41,14:18,23.9,61,0,N,13,1017,29.5,45,0,E,26,1011.1
29/12/22,19.7,24.3,0,SE,37,3:03,21,74,8,SSE,17,1016.4,23.5,62,5,SE,13,1016.8
30/12/22,17.9,26.1,3,E,33,13:54,19.1,94,8,NW,6,1019.1,25,55,8,E,20,1016.9
31/12/22,17,27.2,0.4,NE,33,12:46,22.5,72,7,SSE,6,1016.8,24.4,62,8,E,17,1014.5
1/1/23,18.8,27.1,5.6,E,37,17:37,21.1,86,8,NE,11,1016.5,26.1,56,2,E,24,1013.9
2/1/23,17.2,29.1,2.8,NE,39,15:08,23.3,61,2,NW,7,1014.2,28.5,45,0,ENE,26,1009.5
3/1/23,19.6,30.3,0,ENE,39,13:12,24.6,62,0,WNW,4,1006.8,29.1,44,0,E,24,1003.5
4/1/23,20.8,25.5,1.4,SE,37,13:41,24.2,69,7,ENE,17,1004.7,21.3,86,8,SE,30,1002.1
5/1/23,16.7,23.9,26.6,S,48,10:54,18.8,70,8,SSW,19,1009.7,21.9,48,8,S,26,1010.1
6/1/23,14.6,19.1,1,S,41,12:21,15.9,88,8,W,13,1011.8,17.7,94,8,S,20,1013.2
7/1/23,15.7,23.8,46.4,S,41,15:18,18,88,8,S,15,1015,23.3,52,8,S,20,1014
8/1/23,16.1,25.2,0.2,SE,37,14:33,20.1,61,2,WSW,9,1014.8,24.1,48,1,ESE,26,1012.4
9/1/23,14.3,29.1,0,ESE,37,13:25,20.5,64,0,NW,6,1013,27.3,47,0,ESE,24,1010.9
10/1/23,14.9,27.5,0,SE,39,15:29,21.7,65,0,NW,7,1014.5,25.9,53,1,SE,24,1014.1
11/1/23,19.9,26.7,0,SE,33,17:12,21.4,69,8,S,9,1015.9,25.8,55,8,ESE,13,1013.8
12/1/23,21.1,28,0,ENE,33,11:56,23,65,8,N,6,1016.6,26.8,52,0,ENE,17,1014.7
13/1/23,17.4,28.5,0,ENE,39,15:59,21.5,78,8,NA,0,1019.5,27.6,54,2,ENE,20,1017
14/1/23,18.7,28.1,0,ENE,41,13:26,22.5,76,8,E,7,1019.7,26.3,55,1,ENE,26,1016.7
15/1/23,17,31.2,0,ENE,35,15:17,23.3,64,0,WNW,7,1017.4,30.1,46,0,E,22,1013.9
16/1/23,21.7,28.6,0.2,SE,33,12:43,25.5,54,1,E,13,1021.8,28.3,49,6,ESE,20,1020.8
17/1/23,18.2,28.8,0,E,41,14:37,23.9,65,1,ENE,6,1020.8,27.8,52,4,ENE,24,1017.3
18/1/23,17.1,33.9,0,SW,39,19:09,24,68,0,NW,7,1012.8,32.7,44,6,ENE,20,1006.3
19/1/23,18.1,19.5,19.4,S,39,14:14,18.1,90,7,SSE,20,1010.2,19.1,63,8,S,22,1011.9
20/1/23,16.6,22.3,3.2,ESE,33,11:49,17.3,91,8,SW,7,1016.9,21.7,59,8,SSE,15,1016.5
21/1/23,15.7,25.6,1.2,ESE,41,12:52,21,65,0,W,6,1017.8,24.5,52,7,ESE,24,1014.9
22/1/23,17.6,21.6,0.6,ESE,30,13:50,18.4,91,8,N,6,1016.1,18.8,89,8,ESE,20,1015.4
23/1/23,16.9,26,11,SE,31,15:16,19.9,79,8,W,11,1013.7,24.7,56,5,SE,20,1011.6
24/1/23,16.2,29.5,0,ESE,35,15:45,22.2,66,0,NNW,6,1012.5,29.4,50,0,ENE,20,1009.2
25/1/23,16.9,28.9,8.6,SE,35,11:22,21.9,77,6,NW,4,1013.4,27.5,54,8,ESE,15,1011.2
26/1/23,18.4,35.5,0,SSE,43,19:02,23,79,0,WNW,7,1013.1,32.9,36,1,E,22,1009.3
27/1/23,21.1,28,1,SE,31,17:00,23.3,75,8,S,11,1015.7,27.7,64,8,ESE,15,1013.9
28/1/23,21.1,32.3,0,ENE,39,17:16,24.3,82,8,NNW,6,1014.3,31,59,0,ENE,24,1010.2
29/1/23,23.6,32.9,0,SE,46,13:50,24.7,85,8,NA,0,1012.9,27.7,65,6,SE,30,1011.6
30/1/23,22.1,29.6,1.8,SSE,39,15:54,22.7,86,7,N,6,1011,29,60,8,NNW,11,1006.6
31/1/23,20.4,28.3,37.4,SSE,35,18:03,22.6,69,8,WSW,11,1005.6,27.3,54,8,SSW,13,1002.4
1/2/23,18.4,28,0,ESE,39,14:10,23.1,63,1,SW,11,1003.9,27.6,59,1,ESE,22,1001.3
2/2/23,20,34.3,0,WNW,33,16:06,24.5,69,0,NNE,13,1000.5,31.9,37,2,NNE,13,993.6
3/2/23,21.8,29.8,0,ESE,37,15:16,22.7,41,0,WSW,13,995.7,28.3,30,0,NW,11,994.4
4/2/23,16.4,27.9,0,WNW,39,13:58,19.6,38,0,W,17,1005.6,26.8,19,0,W,20,1004.5
5/2/23,14.1,28.8,0,ESE,37,14:23,21.5,49,0,WSW,7,1015.3,27.5,33,0,ESE,26,1013.7
6/2/23,20.6,29.3,0,NE,41,15:37,24,69,4,NNW,6,1018.2,28.2,56,0,ENE,24,1014.9
7/2/23,21.4,28.6,0,ESE,39,14:45,24.5,66,8,NNE,9,1016.1,27.7,63,8,ESE,26,1013.9
8/2/23,19.3,26.6,0,ESE,39,15:55,23.8,70,8,N,6,1015.7,24.6,67,8,SE,26,1013.9
9/2/23,20.3,24.5,3.6,ESE,39,14:27,22.1,86,8,ENE,11,1012.9,23.5,84,8,ESE,24,1010.2
10/2/23,17.1,31.6,13.8,SSE,41,18:34,21.2,79,0,WNW,11,1009.2,30.3,37,0,NNW,9,1005.2
11/2/23,17.9,36.9,0,NE,39,18:11,22.7,76,8,WNW,9,1006.5,36.2,22,0,NNE,13,1001.4
12/2/23,19.9,28.4,0,SE,57,15:43,25.4,45,1,SW,17,1003.8,26.8,52,0,SSE,30,1004.4
13/2/23,19.2,25.4,0,SSE,35,12:38,20.8,72,8,S,17,1011.2,23.6,57,8,ESE,17,1009.8
14/2/23,18.3,22.7,0,SSW,33,8:03,20,74,8,SSW,17,1012.2,21.9,74,8,SSE,17,1012.9
15/2/23,17.5,27.4,7.4,ENE,33,14:17,20.2,84,8,W,7,1017.2,26.4,54,8,NE,15,1014.8
16/2/23,15.5,31,0,ENE,33,15:14,21.4,71,0,WNW,4,1018.2,30.2,41,0,ENE,19,1014.3
17/2/23,17.7,31.2,0,ENE,37,15:31,22.4,75,0,NNW,6,1016.9,30.4,41,0,E,22,1013.8
18/2/23,18.4,35.2,0,SW,74,17:23,23.2,72,4,NA,0,1014.6,34,42,0,ENE,19,1009.7
19/2/23,19.1,28.1,13,ESE,28,13:59,22.8,70,0,SW,9,1019.1,27.1,62,8,SE,17,1018.3
20/2/23,20.3,31.9,0,ENE,35,15:56,24.7,74,1,NE,11,1020.1,30.8,54,0,ENE,20,1017.2
21/2/23,19.6,30.8,0,SSE,48,17:33,25.3,73,1,SE,7,1021.6,29.6,54,0,SE,24,1019.9
22/2/23,19.2,22.2,29.6,SE,46,11:58,21.6,62,8,SSE,19,1025.8,19.1,81,8,SE,19,1026.3
23/2/23,16.4,23.9,1.2,E,35,14:18,18.8,76,8,WSW,6,1024,21.2,77,8,NE,2,1023.4
24/2/23,15.1,26.5,3.2,NE,35,15:58,20.7,71,0,W,2,1022,25.9,43,3,NE,15,1019.3
25/2/23,15.7,28.1,0,ENE,37,15:57,20.6,73,0,WNW,7,1018.6,26.5,43,2,ENE,19,1015
26/2/23,16.2,34,0,WSW,37,21:54,19.9,79,3,NNW,9,1013.4,33.1,26,2,NW,7,1009
27/2/23,19.9,27,0.8,ESE,35,16:19,23.2,74,8,SW,7,1012.6,25.8,64,8,SSE,20,1011
28/2/23,20.6,27.8,0,ENE,30,13:54,23.5,69,7,NA,0,1012.9,26.6,57,8,ENE,19,1008.8
1/3/23,19.9,29.6,0,SSE,56,16:45,23,78,1,WNW,11,1006.6,27.3,54,3,SSE,30,1006.9
2/3/23,18.9,27.9,0,NE,31,16:55,22.4,75,2,SW,6,1013.5,27.3,52,2,NE,17,1011.3
3/3/23,17.8,26.6,0,SE,33,11:48,22.6,77,3,SW,7,1016.2,25.3,65,8,SE,19,1015.6
4/3/23,18.6,26.4,1.6,ESE,28,14:01,20,92,8,SW,2,1017.7,25.6,54,8,E,19,1015.2
5/3/23,16,30.9,0,NE,35,15:35,20.1,79,0,W,4,1013.7,30.6,38,0,NNE,13,1008.2
6/3/23,19,39,0,N,54,10:44,25.8,57,0,NNE,13,1004.3,37.9,21,0,NW,13,1000.4
7/3/23,20.7,35.6,0,WNW,41,13:43,24.4,64,8,NW,4,1006.8,34.5,15,0,WNW,20,1003.3
8/3/23,13.7,32.4,0,WNW,35,14:02,20.6,55,0,NA,0,1006.4,31.9,15,0,NW,17,1002.1
9/3/23,13.7,28.8,0,ESE,39,15:36,20.5,50,0,W,11,1010.7,27.5,23,0,SSE,15,1008.4
10/3/23,14.4,28.2,0,NE,41,17:47,19.2,69,0,WSW,6,1017.1,27.7,50,3,NE,20,1014.2
11/3/23,16,33.9,0,ENE,33,15:05,21,78,0,NW,7,1014.2,33.4,30,0,NW,9,1009.2
12/3/23,21,27.9,0,SSE,56,13:03,22.9,73,8,SSW,9,1010.8,26.6,63,8,SE,28,1009.9
13/3/23,18.9,25.2,0.4,ESE,39,11:16,19.7,90,8,SW,7,1016.5,23.5,58,8,SSE,17,1016.6
14/3/23,18.4,24.1,0.4,E,31,10:42,21.5,85,8,ESE,11,1017.9,21.1,85,8,NNE,17,1016.3
15/3/23,17.4,30.1,12.2,SE,31,14:29,19.4,95,0,SW,7,1014.2,29.5,47,0,ENE,4,1009.8
16/3/23,17.2,37,0,W,37,14:51,20.5,85,0,WNW,9,1010.8,36.2,22,0,W,11,1005.8
17/3/23,17.4,32.3,0,ESE,48,13:47,24.8,42,0,SE,2,1013.7,28.5,53,0,SE,31,1014.2
18/3/23,18.2,32.1,0,E,33,14:33,21.9,84,0,NA,0,1019.8,31.8,47,0,ENE,17,1016.1
19/3/23,18.4,38.1,0,ESE,33,15:08,21.5,83,0,W,7,1018.2,37.9,23,0,E,9,1014.9
20/3/23,19.8,23.7,0,SE,41,10:02,23.3,78,8,SSE,20,1023.2,21.6,68,8,S,28,1025.9
21/3/23,17.7,22.8,0.6,SSE,31,7:15,20.1,64,8,S,9,1029.5,22.3,52,8,SE,17,1027
22/3/23,17.8,24.2,0,NA,NA,NA,19.8,75,0,NW,6,1023.4,23.5,63,8,N,9,1020.1
23/3/23,17.5,25.8,0.2,SW,NA,14:45,19.4,90,0,NA,0,1017.8,24.6,64,7,SSW,13,1016.1
24/3/23,16.3,26.8,4.6,SE,NA,11:43,19.9,77,0,SW,9,1017.2,25.8,61,4,SE,22,1016
25/3/23,17.9,25.2,0,SE,31,12:50,22.1,73,8,E,13,1018.4,23.8,58,8,ESE,20,1016.9
26/3/23,16.3,25.6,1,NNE,28,13:50,18.1,86,7,NA,0,1018.2,22.9,68,7,NNE,15,1015.3
27/3/23,18,25.6,6.2,NW,19,11:59,19.5,97,8,NA,0,1013.5,23.4,79,8,NNW,7,1010.7
28/3/23,18.8,25.3,0,NA,NA,NA,20.6,82,7,W,7,1014,21.8,84,8,NNW,11,1013.3
29/3/23,19.1,28.2,6.6,N,44,12:54,21.2,82,8,N,19,1007.2,26.4,59,8,NNW,20,1000.7
30/3/23,12.4,25.1,0,SW,37,14:21,18.6,54,0,W,15,1006.7,24.5,34,5,WSW,20,1005.7
31/3/23,10.9,25.9,0,ESE,30,16:00,16.7,57,0,NW,7,1011.9,25,31,0,SSW,11,1009.2
1/4/23,11.3,19.7,0,SSE,33,15:04,16.7,63,0,WSW,11,1014.5,18.1,71,8,SSW,13,1014.9
2/4/23,14.3,21.2,12.8,ENE,52,13:32,16.1,95,8,W,9,1019.3,18.5,84,8,ENE,13,1018.8
3/4/23,14.6,24.7,9.4,NE,30,13:35,18.5,90,1,SW,9,1021.5,22.4,64,6,ENE,17,1019
4/4/23,13.6,26.2,0.4,SE,30,14:49,19.3,76,0,SW,6,1021,24.4,49,1,SE,19,1016.6
5/4/23,13.1,25,0,SE,31,15:16,17.8,84,8,WSW,11,1017.1,24.5,56,1,SE,19,1014.1
6/4/23,14.5,22.9,0,NE,26,10:42,19.2,76,0,WSW,7,1015.6,22.5,59,8,NE,9,1012.2
7/4/23,12.4,25.4,0,W,52,20:15,16,91,8,WNW,9,1008,23.9,58,4,N,15,999.1
8/4/23,11.6,24,5.2,W,50,10:29,19.9,56,0,WNW,17,999.7,22.1,44,4,W,24,999.8
9/4/23,14.5,21,0,SW,44,8:31,17.5,41,0,WSW,24,1005.7,20,32,0,WSW,22,1005.3
10/4/23,9.9,21.4,0,SW,41,14:01,15.2,52,0,WSW,15,1009.7,20.8,27,6,WSW,13,1007.1
11/4/23,8.2,23.2,0,WSW,30,9:38,15.6,51,0,WSW,13,1012.5,20.8,51,8,SSE,19,1009.8
12/4/23,10.1,22.8,0,WNW,19,11:00,17.2,66,8,WNW,7,1009.6,20.7,44,8,NNW,9,1005.4
13/4/23,11.5,24.3,0,S,41,15:08,17.1,73,8,SW,11,1009.6,21.8,56,2,S,26,1009.4
14/4/23,14.6,23,6.2,S,35,9:28,17.8,80,8,SW,15,1014.6,21.6,56,1,SSE,20,1011.3
15/4/23,11,26.6,0.8,NNE,26,16:24,17.6,76,0,NNW,6,1010.6,26.2,38,0,N,9,1005.2
16/4/23,17.5,26,0,WNW,52,14:26,18.8,81,8,NA,0,1003.2,24.1,32,0,WSW,20,1005.4
17/4/23,10.5,23.2,0,ENE,31,15:03,17.6,58,0,WSW,9,1022.2,21.2,54,8,ESE,20,1021.8
18/4/23,10.3,22.7,0,NNE,28,14:41,18.1,67,0,NW,2,1025.9,21.8,50,8,NE,13,1022.1
19/4/23,10.1,26.1,0,ENE,26,15:59,17,77,5,WNW,6,1020.3,25.1,39,0,NE,7,1015.8
20/4/23,16.3,19,24.2,SW,28,2:12,16.4,93,8,SW,13,1024.1,18.2,78,8,SSW,15,1023.3
21/4/23,12.3,22.8,1.2,SE,31,13:04,17.7,64,0,SW,7,1028.7,21.7,46,0,S,15,1027.3
22/4/23,11.3,23,0,SE,28,12:34,15.8,75,8,WSW,9,1031.1,21.7,65,8,SE,17,1028.9
23/4/23,13.5,24.2,0,SE,37,11:20,16.2,85,8,W,2,1032.3,21.9,70,8,SSE,20,1031.4
24/4/23,14,23.6,1.8,NE,31,17:35,19.6,75,1,SW,7,1033.9,21.5,63,8,E,15,1031.1
25/4/23,15.2,24.8,0.6,NE,26,15:57,19.1,81,0,NNW,7,1030.5,24,46,0,NNE,7,1025.9
26/4/23,12.5,22.6,0,NE,26,14:43,17.1,80,2,NW,4,1029.2,22,63,7,NE,15,1026.1
27/4/23,11.5,25,0,NE,30,15:47,17.2,82,0,NA,0,1026,23.9,44,2,NNE,11,1020.9
28/4/23,10.9,27.8,0,NNW,26,12:11,16,84,0,NNW,7,1018.5,27.2,37,0,NNE,15,1012.4
29/4/23,16,18.1,2,NNW,31,22:32,17.4,93,8,NA,0,1011.4,17.4,93,8,WSW,4,1009.6
30/4/23,14,19.6,36.6,WNW,30,10:21,15.6,77,7,WNW,11,1010.5,19.3,60,1,WSW,11,1009.6
1/5/23,7.6,20.8,0.2,W,30,15:57,14,75,0,NW,6,1015.3,20.4,38,2,W,11,1011.6
2/5/23,7.3,22.3,0,WSW,37,12:28,16.6,62,0,WNW,13,1016.2,21.7,42,4,W,13,1014.2
3/5/23,7.8,24.3,0,WNW,52,10:52,19,56,0,N,17,1014.3,23.7,26,0,WNW,22,1010.7
4/5/23,7.5,20.9,0,WNW,37,0:57,14.4,52,0,WSW,13,1020,19.4,47,0,ESE,9,1018.3
5/5/23,8.3,22.2,0,NNE,26,15:17,13.5,72,0,W,7,1019.7,21.4,38,0,N,15,1015
6/5/23,6.2,22.1,0,W,24,12:21,12.8,73,0,WSW,6,1019.4,21.4,34,0,WSW,9,1015.5
7/5/23,7.8,16.5,0,SW,52,21:33,12.5,68,8,W,15,1016.3,16,33,0,W,24,1012.9
8/5/23,7,17.6,7,WSW,52,9:47,12.7,43,0,WSW,20,1015.2,17.1,29,8,SW,17,1015.7
9/5/23,6.7,20.1,0,SW,31,9:57,13.6,55,0,WSW,9,1021.6,18,46,8,SSW,13,1021.7
10/5/23,8.9,20.3,0,E,24,14:35,13.6,58,0,W,11,1027.5,19.2,44,0,ESE,13,1025.4
11/5/23,8,21.8,0,ESE,22,15:48,13.9,72,0,WNW,9,1030.5,20.1,48,2,NNE,11,1027.2
12/5/23,7.1,24.1,0,NE,17,16:25,13.2,80,0,WNW,7,1030.3,24,31,0,ENE,9,1026.8
13/5/23,9,21.8,0,SE,33,16:04,14.7,79,0,W,7,1032.2,18.9,68,8,ESE,17,1029.6
14/5/23,10.8,20.7,5.2,ESE,26,14:40,15.7,83,1,WNW,4,1030.9,19,70,4,SE,19,1027
15/5/23,9.4,21.4,0.2,SE,24,14:28,13,97,8,WNW,6,1026.5,18.7,72,7,E,15,1022.3
16/5/23,8.4,22.3,0.2,SSW,33,23:59,13.4,90,0,N,7,1020.4,21.1,48,2,SSE,19,1016.9
17/5/23,11.1,18.7,0,S,39,11:18,13.9,67,2,WSW,9,1023.8,16.7,49,6,S,19,1022.3
18/5/23,7.5,17.4,0.2,S,28,14:24,12.7,66,7,SW,15,1021.6,17.1,55,8,SSE,19,1017.7
19/5/23,6.4,19.3,0,SW,24,9:04,11.1,65,0,WSW,13,1019,18.9,31,0,WSW,9,1014.8
20/5/23,3.5,19.1,0,WSW,35,15:35,11.2,64,0,NW,7,1017.2,18.2,37,0,W,19,1013.7
21/5/23,5.9,19.3,0,WSW,57,13:40,14.6,54,1,NW,7,1014.5,17.6,43,0,W,30,1014.1
22/5/23,4,20.9,0,WNW,19,10:35,11.6,65,0,W,7,1026.9,19.7,28,0,WNW,2,1024.1
23/5/23,3.1,20.7,0,E,20,15:13,10.4,66,0,NNW,7,1028.9,19.1,42,0,ESE,15,1025.9
24/5/23,4.5,21.7,0,WNW,15,9:21,9.5,78,0,NW,7,1027.5,20.8,31,0,WNW,7,1023.3
25/5/23,2.8,19.4,0,NNW,19,10:51,9.1,86,0,NA,0,1020.9,19.3,37,7,N,7,1015
26/5/23,7.1,16.6,0,SSE,52,10:27,12.3,60,8,SSW,4,1011.6,15.5,49,8,SW,19,1014.5
27/5/23,2.9,18.5,0,WSW,30,15:23,9.8,66,0,WNW,9,1019.1,16.6,44,0,WSW,15,1015.1
28/5/23,0.7,17.9,0,WNW,35,14:22,8.1,71,0,WNW,7,1016.5,16.8,41,2,W,19,1013.1
29/5/23,4.6,21.1,0,W,39,14:03,11.1,73,0,SE,4,1017.1,20,35,0,W,20,1015.7
30/5/23,4,21.4,0,WSW,31,13:53,11.6,69,0,NW,6,1023.8,20.9,40,0,W,17,1020
31/5/23,4.8,21.4,0,NNW,20,13:52,12.9,76,4,WNW,6,1021.1,20.6,50,4,WNW,9,1016.5
1/6/23,9.6,21.3,0,N,19,13:01,13.3,85,8,NA,0,1018.2,19.5,58,7,NA,0,1017
2/6/23,8.8,21.6,0,NNE,20,13:51,14.7,85,8,NW,7,1025.5,20,67,5,E,13,1022.6
3/6/23,12.3,24.7,0,SE,31,14:55,14.4,99,7,NW,6,1025.4,22.8,51,5,SE,24,1023.1
4/6/23,14.3,18.5,0,ESE,33,15:22,17.5,68,8,SSE,13,1033.4,17.7,60,8,ESE,22,1031.8
5/6/23,11.1,20,0.2,ENE,30,15:08,14.4,83,7,SW,7,1032.6,19.2,52,8,N,7,1028.2
6/6/23,11.1,20.4,0,NE,22,15:02,14,93,8,NA,0,1029.8,20.2,56,5,NE,13,1026.1
7/6/23,8.5,21.3,0,NE,30,12:06,13.2,94,1,NA,0,1027.2,21,56,0,NE,11,1022.7
8/6/23,7.9,18.6,0,N,30,13:26,11.6,99,8,W,4,1017.4,15.6,84,8,N,13,1011.6
9/6/23,3.8,20.8,0.2,W,33,14:31,10.2,96,0,ESE,6,1016.6,20,38,0,WNW,20,1014.7
10/6/23,3.3,18.9,0.8,WSW,26,11:36,10.8,76,0,WNW,6,1023.5,18.6,35,0,NW,7,1021.3
11/6/23,2.4,18.8,0,SE,19,16:36,8.9,77,0,WNW,7,1026.6,18.1,40,0,ENE,2,1022.4
12/6/23,3.6,20.7,0,NNW,13,11:10,7.6,97,3,NA,0,1022.9,20.1,49,1,WNW,4,1017.6
13/6/23,6.2,20.8,0,WNW,33,18:27,11.1,99,0,NA,0,1015,19.6,51,0,N,9,1010.4
14/6/23,5.9,18.5,0,WNW,43,14:41,13.7,57,0,NW,7,1013.4,18,27,0,W,17,1012.5
15/6/23,4,18.9,0,WSW,33,12:47,9.8,64,0,WNW,7,1018.1,18.2,38,0,WNW,17,1015.3
16/6/23,2.8,20.4,0,SW,24,12:07,9.1,74,0,WNW,9,1022.2,19.9,39,0,W,7,1019.6
17/6/23,2.9,19.8,0,NW,13,11:46,8,95,0,W,7,1022.8,19.5,35,0,N,7,1017
18/6/23,0.6,19.8,0,WNW,48,15:18,6.2,93,0,NA,0,1016.2,18.1,34,6,WNW,17,1012.7
19/6/23,0.3,17.6,0,WNW,39,21:21,4.3,90,0,NA,0,1017.1,17,29,0,NW,19,1011.6
20/6/23,2.8,16.4,0,WSW,28,14:13,9.2,54,0,W,9,1020.8,15.9,31,0,SSE,11,1019.9
21/6/23,0.8,17.2,0,WNW,17,9:32,7.3,69,0,NW,9,1025.2,16.2,33,0,N,4,1022.1
22/6/23,4.3,15.2,0,NW,13,12:01,8.7,75,8,NW,9,1021,14.4,59,8,NW,2,1015.8
23/6/23,8.5,19.2,7.2,WNW,39,12:18,11.5,90,0,N,9,1009.3,18.9,33,1,WNW,17,1006.5
24/6/23,3.9,20.5,0,WNW,30,13:02,11.7,67,0,NNW,4,1014.6,20.2,28,0,NW,11,1010.5
25/6/23,2.1,20.6,0,WNW,48,12:57,10.5,68,0,NA,0,1012.9,19.9,22,0,WNW,20,1009.8
26/6/23,7.9,19.2,0,W,57,17:46,15.3,42,0,NNE,11,1013.7,18.2,32,0,W,22,1012.7
27/6/23,6.5,18.4,0,WNW,28,12:52,12.7,59,0,NW,7,1022,17.9,40,1,SW,15,1018.6
28/6/23,10.3,11.6,1.2,NNW,17,12:41,10.7,90,8,NW,7,1017.9,10.5,90,8,WNW,2,1013.1
29/6/23,5.7,15.7,3.6,SW,30,11:24,10.2,68,0,WSW,11,1017.5,15.2,38,0,SW,19,1015.6
30/6/23,5.9,18.5,0,WSW,37,15:40,12.6,51,0,W,15,1018.2,17.9,39,0,WSW,20,1016.9
1/7/23,3,18.6,0,SW,41,12:29,10,69,0,NW,13,1020.7,18.2,40,0,WSW,20,1019.6
2/7/23,6.5,18.9,0,ESE,28,15:47,10.5,66,0,WSW,11,1031.4,17.4,47,0,SE,19,1029.2
3/7/23,6.9,19.2,0,ESE,20,16:10,12.4,70,4,NW,4,1031.5,17.8,58,7,NA,0,1026.9
4/7/23,12,15,4.4,WNW,11,13:42,12.8,99,8,NA,0,1021,14.7,92,8,NA,0,1015.5
5/7/23,10.9,21.5,3.6,W,20,14:23,12.4,99,8,WNW,9,1012.8,21.5,56,1,NW,9,1010.5
6/7/23,6,18.2,0,NW,33,16:42,12.1,71,0,WSW,9,1014.6,16.6,44,4,WNW,13,1009.8
7/7/23,3.4,18.9,0,W,35,14:33,9,80,0,WNW,6,1011.4,18.1,38,0,W,19,1010.2
8/7/23,7.1,20.3,0,WNW,46,20:26,13.1,51,0,NNW,13,1013.8,19.4,32,0,NW,19,1010
9/7/23,11.6,18.6,0,W,48,11:49,14.6,47,0,NNW,11,1017.3,18.3,39,0,W,20,1016.4
10/7/23,7,20,0,WNW,28,12:18,11.6,68,0,NW,9,1022.9,19.6,37,0,WSW,13,1020.2
11/7/23,1.7,20.6,0,WNW,24,12:05,7.7,83,0,W,2,1026.4,20.1,33,0,N,6,1024.2
12/7/23,3.3,19.8,0,N,26,14:32,8.9,80,0,WNW,7,1031,19.6,42,0,N,9,1027
13/7/23,3.6,21.1,0,NA,NA,NA,8.6,88,0,NNW,9,1028.5,20.6,36,0,N,9,1024.4
14/7/23,1.7,23.4,0,NNW,28,14:34,8.6,86,0,NA,0,1025.3,23,31,0,NNW,13,1020.4
15/7/23,3.3,23.8,0,WNW,48,13:05,11,80,0,NA,0,1021.5,23.2,31,0,NW,17,1018.3
16/7/23,8.7,18,0,SSE,26,15:05,12.9,81,8,NNW,6,1027.9,16.7,72,8,SE,19,1027.4
17/7/23,8.8,19.8,0.8,NE,22,15:01,12.2,99,7,WNW,7,1031,19,63,1,ENE,15,1027.5
18/7/23,6.8,21.9,0.2,W,24,15:12,11.3,100,3,NW,4,1024.4,20.6,40,5,WNW,11,1018.3
19/7/23,5.2,16.8,0,WSW,28,9:47,10.5,62,0,WSW,13,1023.7,15.7,38,0,SE,17,1022.1
20/7/23,1.5,18.5,0,NNW,24,12:31,7.2,74,0,WNW,9,1021.9,18.1,30,0,NNE,9,1014.3
21/7/23,3.6,19.7,0.2,WSW,39,11:17,13,66,7,WNW,11,1017.2,19.1,27,5,W,17,1015.4
22/7/23,3.3,17.5,0,WSW,30,9:54,9.5,62,0,WSW,13,1023,16.8,48,7,SSE,11,1020.4
23/7/23,4.1,18.6,0,SSE,33,16:00,10.3,67,1,W,9,1023.8,17.4,42,0,SSE,19,1022.4
24/7/23,9.4,17.8,2.4,S,22,11:14,12,81,7,WNW,7,1029.2,17.2,54,1,ESE,13,1028.3
25/7/23,4.8,19.8,0.2,ESE,24,15:20,9.9,78,0,NNW,4,1036.3,18.3,53,0,E,11,1034.6
26/7/23,4.1,21.1,0,N,22,11:58,9.6,90,0,NNW,7,1036.6,20.7,36,0,NNW,11,1030.6
27/7/23,4.1,21.1,0.2,NW,20,13:06,10.3,72,0,WNW,11,1032.5,20.7,42,0,NNW,7,1026
28/7/23,4.1,24.6,0,WNW,37,12:54,10.2,99,8,WNW,2,1021.9,23.8,33,8,WSW,17,1019.2
29/7/23,8.6,23.2,0,NNE,17,11:02,14.8,74,7,WNW,6,1023.5,22.6,42,7,NA,0,1019.6
30/7/23,6.3,26.1,0,WSW,30,15:45,12.5,85,0,SW,2,1021.1,25.8,29,4,W,13,1015.8
31/7/23,5.6,23.8,0,WNW,26,10:01,15.2,60,0,NA,0,1023,23.6,27,0,NNW,6,1020
1/8/23,5.8,22.3,0,S,28,14:07,13.5,58,0,NW,7,1027,21.4,29,0,E,11,1026
2/8/23,8,19.5,0.2,ENE,22,16:42,13.2,81,6,WSW,4,1036,19.1,60,8,NNE,11,1034
3/8/23,5.2,22.8,0,NE,24,15:29,11.2,90,0,NA,0,1036,22.3,42,0,NE,13,1031.2
4/8/23,5,24.1,0,NE,22,17:55,11.3,90,0,NA,0,1033.8,24.1,31,0,NW,9,1028.3
5/8/23,7.5,18.1,0.2,S,22,21:02,11.5,81,8,NA,0,1030.3,16.9,69,7,WSW,6,1028.5
6/8/23,11.4,17.4,4.6,SE,30,16:09,13.3,79,8,SW,9,1033.4,17.1,61,8,SSE,17,1031.3
7/8/23,8.3,16.6,0,SSE,26,12:05,12.2,73,8,SW,9,1031.8,15.1,73,8,SE,17,1029.8
8/8/23,8,20,0,ESE,28,14:41,11.4,86,5,SW,6,1032.7,18.1,58,2,ESE,19,1029.8
9/8/23,6.4,21.2,0,NW,26,12:01,12.4,87,0,WNW,6,1032.1,20.8,37,0,NNE,13,1026
10/8/23,4.7,24.2,0.2,W,63,12:26,14.5,64,1,NW,6,1021.1,22,29,1,WNW,30,1015.8
11/8/23,4.9,20,0,SW,19,8:30,12.5,56,0,SW,9,1023.5,19.5,30,0,NW,9,1019.7
12/8/23,3.1,21.3,0,SE,22,16:02,10.7,72,0,W,7,1019.9,20.5,30,6,NW,4,1015.5
13/8/23,10.3,18.8,0,SE,35,13:41,14.3,65,8,SW,7,1019.8,15.6,70,7,SE,20,1017.8
14/8/23,11.2,15.8,14.2,SSE,26,13:37,12.7,94,8,SSE,9,1016.9,13.5,86,8,SSE,13,1015.1
15/8/23,5.8,18.1,1,S,33,15:55,11.3,83,8,SW,9,1021.2,15.7,62,8,SSE,20,1019.9
16/8/23,6.8,18.3,0,SE,28,15:40,11.2,81,8,WNW,7,1023.8,17.5,50,6,NE,2,1018.7
17/8/23,3.8,21.2,0,ESE,31,16:14,11.7,77,0,W,9,1015.2,20.9,23,0,SW,6,1009.2
18/8/23,9.1,18.7,6,WNW,65,15:08,14.6,79,0,WNW,11,1003,17.3,33,0,W,31,1003
19/8/23,9.2,19.4,0.2,WSW,48,16:59,12.9,45,0,W,20,1016.4,18.7,37,1,W,24,1015.7
20/8/23,7.7,22.6,0,NE,30,16:03,16.2,58,0,NW,9,1023.2,22,33,0,NE,6,1020.7
21/8/23,8.1,22,0,N,22,13:50,15.2,60,0,W,9,1023.8,21.1,33,0,NNE,9,1019.9
22/8/23,6.3,27.1,0,N,33,13:01,13.1,73,0,NW,2,1021.2,24.6,28,7,N,15,1015.9
23/8/23,8.4,19.1,2.4,SSE,35,12:42,14.8,56,0,WSW,13,1022.9,17.8,58,8,SSE,20,1023.6
24/8/23,10.7,19.3,0.2,ESE,20,13:32,13.5,78,8,W,7,1030,18.3,52,8,E,11,1026.9
25/8/23,4.7,22.1,0,ESE,28,14:40,12.3,78,0,NW,9,1027.2,20.2,47,0,SE,24,1024.6
26/8/23,7.1,21.1,0,ESE,30,14:17,13.9,74,1,W,9,1029.6,19,56,1,ESE,22,1027
27/8/23,6.3,22,0,ESE,26,14:04,14.5,79,0,W,9,1029.1,20.9,50,0,ENE,13,1025.8
28/8/23,7.5,22.5,0.2,E,28,15:07,15.1,78,0,NW,4,1026.8,21.3,48,0,ENE,17,1021.9
29/8/23,8.1,24.7,6.8,ENE,26,14:57,13.6,84,2,WSW,7,1021.5,23,40,0,ENE,17,1015.7
30/8/23,9.1,26.6,0.2,WSW,61,15:53,15.7,66,0,NNW,7,1014.6,19.5,59,8,S,11,1010.1
31/8/23,8.5,20.3,16.4,ESE,28,15:20,15.8,74,1,SW,13,1016.9,19.3,57,6,ESE,15,1014.3
1/9/23,7.4,19,0.2,S,56,16:09,13.9,65,8,SW,11,1019.9,17.2,46,0,SSE,33,1019.1
2/9/23,5.4,19.1,0,SE,31,14:06,13.1,56,0,SW,15,1023.9,17.8,55,5,ESE,19,1020.1
3/9/23,7.1,20.1,0,ESE,33,16:05,15,65,0,SSW,6,1022.6,18.6,53,0,ESE,19,1018.4
4/9/23,6.6,21.9,0,ENE,33,14:33,13.4,79,0,NA,0,1017.3,20.7,58,0,NE,17,1010.9
5/9/23,11.1,24.8,0,W,50,9:58,20.3,45,0,W,17,1011,24.3,14,0,W,19,1011.4
6/9/23,5,23.1,0.2,ENE,39,16:09,15.2,51,0,NA,0,1023.2,20.9,42,0,ENE,24,1019
7/9/23,6.2,28.5,0,WNW,48,22:22,14.3,67,0,N,9,1020.2,26.2,39,0,ENE,22,1012.8
8/9/23,13.2,19.4,5.2,W,46,15:10,13.8,85,8,W,9,1017.2,19.2,23,0,WNW,26,1015
9/9/23,7.6,19.1,4.6,ESE,35,15:32,13.4,44,0,SW,13,1025.4,17.6,31,0,ESE,24,1023.6
10/9/23,4.3,19.8,0,SSE,33,14:54,12.9,50,0,WNW,11,1030.6,18,44,0,SE,28,1027.3
11/9/23,5.3,20.3,0,ESE,28,15:04,13.6,57,0,WNW,9,1032.6,18.3,46,0,ESE,19,1029.2
12/9/23,7.3,20.8,0,ESE,20,15:43,14,68,0,W,9,1031.2,20.3,39,8,NW,6,1027.2
13/9/23,6.1,23.5,0,ESE,33,14:43,15.2,63,0,NNW,7,1028.9,22.1,36,0,ESE,20,1025.6
14/9/23,8,26.8,0,ESE,26,15:10,17.1,56,0,WNW,9,1029,26.4,29,0,SSE,6,1024.8
15/9/23,8.4,31,0,NNE,30,14:01,17.1,57,0,NW,9,1025.3,30.7,14,0,NNW,13,1020.2
16/9/23,8.9,33.3,0,WNW,44,13:38,20.4,46,0,NW,7,1022.3,32.4,13,0,WNW,20,1017.3
17/9/23,10.3,32.7,0,W,33,15:16,22.9,34,0,NNW,9,1022.9,32.7,10,0,W,11,1018.1
18/9/23,9.7,35.4,0,N,26,10:59,21.1,37,0,NW,7,1021.6,35.3,11,0,WNW,11,1015.3
19/9/23,11.1,34.9,0,NW,39,14:14,25.6,30,0,WNW,9,1017.2,33.5,12,3,WNW,13,1010.7
20/9/23,14.7,34.7,0,NNW,48,12:22,28,21,0,NNW,17,1010.5,34.4,10,0,WNW,28,1005.4
21/9/23,13.3,23.6,0,SE,50,16:05,20.1,30,0,SW,20,1016,19.2,52,1,SE,31,1017.5